     vehicle name   , time[s]            , dt[s]              , u[ft/s]            , v[ft/s]            , w[ft/s]            , p[rad/s]           , q[rad/s]           , r[rad/s]           , x[ft]              , y[ft]              , z[ft]              , e0                 , ex                 , ey                 , ez                 , aileron[deg]       , elevator[deg]      , rudder[deg]        , throttle           , d_aileron          , d_elevator         , d_rudder           , d_throttle         , aileron_sp[deg]    , elevator_sp[deg]   , rudder_sp[deg]     , throttle_sp[none]  
                F16,  0.000000000000E+00,  1.000000000000E-02,  3.469847117082E+02,  0.000000000000E+00,  4.584331838749E+01, -0.000000000000E+00,  0.000000000000E+00,  0.000000000000E+00,  0.000000000000E+00,  0.000000000000E+00, -1.000000000000E+03,  9.978438982614E-01,  0.000000000000E+00,  6.563196403104E-02,  0.000000000000E+00,  0.000000000000E+00, -9.086019165449E+00,  0.000000000000E+00,  7.018200235651E-02,  0.000000000000E+00,  0.000000000000E+00,  0.000000000000E+00,  0.000000000000E+00, -1.485440220732E+01,  0.000000000000E+00,  0.000000000000E+00,  0.000000000000E+00 
                F16,  1.000000000000E-02,  1.000000000000E-02,  3.469847273027E+02, -7.684002245777E-06,  4.584320734367E+01,  5.208409179728E-05, -1.590753469954E-05,  2.434890709076E-06,  3.500000002137E+00, -2.909228411356E-08, -1.000000000249E+03,  9.978438995702E-01,  6.551338035518E-08,  6.563194413160E-02, -1.246151839764E-09, -5.000000000000E-02, -9.036019165449E+00,  0.000000000000E+00,  7.017418539188E-02, -1.000000000000E+01,  1.000000000000E+01,  0.000000000000E+00, -1.555585387179E-03, -1.496336595492E+01, -5.153252886907E-04, -1.815991237666E-04, -9.155641578218E-09 
                F16,  2.000000000000E-02,  1.000000000000E-02,  3.469848493062E+02, -3.021873897989E-05,  4.584233223294E+01,  4.144664082297E-04, -1.268885641968E-04,  1.940289156781E-05,  7.000000036377E+00, -4.605895235442E-07, -1.000000003897E+03,  9.978439191111E-01,  1.039877487410E-06,  6.563164703005E-02, -1.968851600826E-08, -2.000000000000E-01, -8.886019165449E+00, -3.304619788222E-06,  7.015104503954E-02, -2.000000000000E+01,  2.000000000000E+01, -6.293634827268E-04, -3.064851678918E-03, -1.506797426996E+01, -4.117321797224E-03, -1.449670957981E-03, -7.246575364661E-08 
                F16,  3.000000000000E-02,  1.000000000000E-02,  3.469852173795E+02,  2.982191386672E-06,  4.583966155434E+01,  1.391405366885E-03, -4.269955593383E-04,  6.523719434007E-05,  1.050000017679E+01, -2.314382820178E-06, -1.000000019459E+03,  9.978440035327E-01,  5.240095215547E-06,  6.563036329574E-02, -9.890649342486E-08, -4.500000000000E-01, -8.636019165449E+00, -3.507755286196E-05,  7.011303929515E-02, -3.000000000000E+01,  3.000000000000E+01, -5.477864087164E-03, -4.528834476278E-03, -1.516367395023E+01, -1.389244711591E-02, -4.885497446884E-03, -2.235899552261E-07 
                F16,  4.000000000000E-02,  1.000000000000E-02,  3.469860034272E+02,  2.541452758160E-04,  4.583387675912E+01,  3.280644984898E-03, -1.009167328982E-03,  1.540867370887E-04,  1.400000050615E+01, -7.257728900475E-06, -1.000000060697E+03,  9.978442300731E-01,  1.648957146092E-05,  6.562691702167E-02, -3.102204666365E-07, -8.000000000000E-01, -8.286019165449E+00, -1.708034974659E-04,  7.006061589775E-02, -4.000000000000E+01,  4.000000000000E+01, -2.085924428222E-02, -5.948549557029E-03, -1.524584945668E+01, -3.293009755087E-02, -1.156323975791E-02, -4.404744100839E-07 
                F16,  5.000000000000E-02,  1.000000000000E-02,  3.469874071354E+02,  9.751052835292E-04,  4.582337736915E+01,  6.373481967153E-03, -1.965228525586E-03,  2.999694751235E-04,  1.750000104172E+01, -1.756992101087E-05, -1.000000146215E+03,  9.978447059151E-01,  4.008573235257E-05,  6.561967136324E-02, -7.513596680033E-07, -1.250000000000E+00, -7.836019165449E+00, -5.588438437628E-04,  6.999421253245E-02, -5.000000000000E+01,  5.000000000000E+01, -5.490174458715E-02, -7.324992001483E-03, -1.530982464514E+01, -6.432222892929E-02, -2.254543638048E-02, -6.089290354794E-07 
                F16,  6.000000000000E-02,  1.000000000000E-02,  3.469896514491E+02,  2.504782525947E-03,  4.580628602373E+01,  1.095482143501E-02, -3.385887850555E-03,  5.168446090989E-04,  2.100000162454E+01, -3.610010438084E-05, -1.000000299060E+03,  9.978455671277E-01,  8.276796915142E-05,  6.560653405512E-02, -1.544838040961E-06, -1.800000000000E+00, -7.286019165449E+00, -1.434620160446E-03,  6.991425704565E-02, -6.000000000000E+01,  5.833333333333E+01, -1.167820450251E-01, -8.659134541423E-03, -1.535086464067E+01, -1.111629461387E-01, -3.887619269844E-02, -4.865473738391E-07 
                F16,  7.000000000000E-02,  1.000000000000E-02,  3.469929620966E+02,  5.265985019647E-03,  4.578060231292E+01,  1.730322608651E-02, -5.339514594440E-03,  8.187046099857E-04,  2.450000178102E+01, -6.621809055420E-05, -1.000000545956E+03,  9.978469751642E-01,  1.526858687212E-04,  6.558498940086E-02, -2.835934433397E-06, -2.450000000000E+00, -6.694352498782E+00, -3.127778373857E-03,  6.982116768060E-02, -7.000000000000E+01,  6.000000000000E+01, -2.160862324020E-01, -9.951925163079E-03, -1.536417744400E+01, -1.758606384009E-01, -6.157205854149E-02,  2.954222640028E-07 
                F16,  8.000000000000E-02,  1.000000000000E-02,  3.469975296051E+02,  9.761414474087E-03,  4.574457112105E+01,  2.569096311305E-02, -7.838095283723E-03,  1.219680989656E-03,  2.800000065487E+01, -1.117586705068E-04, -1.000000913969E+03,  9.978490984527E-01,  2.593677145915E-04,  6.555234109202E-02, -4.790151945923E-06, -3.200000000000E+00, -6.094352498782E+00, -6.063519875122E-03,  6.971535333632E-02, -7.833333333333E+01,  6.000000000000E+01, -3.622809796892E-01, -1.120428482790E-02, -1.534491457826E+01, -2.590258373055E-01, -9.161182042024E-02,  2.124784903717E-06 
                F16,  9.000000000000E-02,  1.000000000000E-02,  3.470035327924E+02,  1.657906989023E-02,  4.569653602019E+01,  3.631460614889E-02, -1.087748068474E-02,  1.730907338807E-03,  3.149999701084E+01, -1.769210175950E-04, -1.000001428329E+03,  9.978520980156E-01,  4.136021401914E-04,  6.550587272536E-02, -7.588438491251E-06, -3.991666666667E+00, -5.494352498782E+00, -1.075914085005E-02,  6.959721383699E-02, -8.000000000000E+01,  6.000000000000E+01, -5.642826489704E-01, -1.241710764479E-02, -1.528916763058E+01, -3.607519274068E-01, -1.296840723485E-01,  5.360615722598E-06 
                F16,  1.000000000000E-01,  1.000000000000E-02,  3.470111445585E+02,  2.636496462150E-02,  4.563488959045E+01,  4.918495418252E-02, -1.445079907091E-02,  2.355430764155E-03,  3.499998927017E+01, -2.658573042305E-04, -1.000002111644E+03,  9.978561188335E-01,  6.266302711121E-04,  6.544290114913E-02, -1.140891693600E-05, -4.791666666667E+00, -4.894352498782E+00, -1.781230767361E-02,  6.946714019425E-02, -8.000000000000E+01,  6.000000000000E+01, -8.292759261456E-01, -1.359126210237E-02, -1.519560886818E+01, -4.810430544927E-01, -1.757908699929E-01,  1.033569814950E-05 
                F16,  1.100000000000E-01,  1.000000000000E-02,  3.470205330732E+02,  3.975757776279E-02,  4.555805784414E+01,  6.426015828574E-02, -1.855083221179E-02,  3.094475477433E-03,  3.849997553321E+01, -3.823844967933E-04, -1.000002983811E+03,  9.978612835688E-01,  9.096162231294E-04,  6.536077633608E-02, -1.641372641697E-05, -5.591666666667E+00, -4.295427461673E+00, -2.787209765396E-02,  6.932551485769E-02, -8.000000000000E+01,  5.954228631598E+01, -1.160507577174E+00, -1.472759221638E-02, -1.506365766594E+01, -6.198900138620E-01, -2.296948537210E-01,  1.735907326219E-05 
                F16,  1.200000000000E-01,  1.000000000000E-02,  3.470318587836E+02,  5.736267091224E-02,  4.546454410659E+01,  8.149009335190E-02, -2.316404321052E-02,  3.949557563166E-03,  4.199995361509E+01, -5.298558704629E-04, -1.000004061773E+03,  9.978676844641E-01,  1.273472997248E-03,  6.525689275081E-02, -2.274239029213E-05, -6.391666666667E+00, -3.712656998354E+00, -4.159958789708E-02,  6.917271195422E-02, -8.000000000000E+01,  5.675219897408E+01, -1.557305527067E+00, -1.582691859217E-02, -1.489286823684E+01, -7.770766320130E-01, -2.910654222127E-01,  2.668184379470E-05 
                F16,  1.300000000000E-01,  1.000000000000E-02,  3.470452675246E+02,  7.974627258385E-02,  4.535305489589E+01,  1.008250963703E-01, -2.825729360551E-02,  4.922917670167E-03,  4.549992115688E+01, -7.111154063240E-04, -1.000005358607E+03,  9.978753705063E-01,  1.728865166629E-03,  6.512875732987E-02, -3.050828059730E-05, -7.191666666667E+00, -3.167525618246E+00, -5.963198662294E-02,  6.900909751316E-02, -8.000000000000E+01,  5.212530072119E+01, -2.015736139536E+00, -1.689004021887E-02, -1.468280506397E+01, -9.517467302044E-01, -3.595063768300E-01,  3.839552745129E-05 
                F16,  1.400000000000E-01,  1.000000000000E-02,  3.470608878611E+02,  1.074296370309E-01,  4.522254578576E+01,  1.222160007779E-01, -3.378004746539E-02,  6.017516314904E-03,  4.899987580963E+01, -9.284582692069E-04, -1.000006882320E+03,  9.978843319766E-01,  2.286211419900E-03,  6.497408444419E-02, -3.979487839793E-05, -7.991666666667E+00, -2.675581015723E+00, -8.255361504336E-02,  6.883502966233E-02, -8.000000000000E+01,  4.621047461396E+01, -2.529310197273E+00, -1.791773846836E-02, -1.443304208609E+01, -1.142467283292E+00, -4.345561239962E-01,  5.239447871694E-05 
                F16,  1.500000000000E-01,  1.000000000000E-02,  3.470788290344E+02,  1.408844320123E-01,  4.507223202617E+01,  1.456141882765E-01, -3.966984111649E-02,  7.237002807281E-03,  5.249981543360E+01, -1.183598075124E-03, -1.000008634988E+03,  9.978944857420E-01,  2.955687275459E-03,  6.479086874593E-02, -5.065196206227E-05, -8.791666666667E+00, -2.247306256085E+00, -1.108735377200E-01,  6.865085878049E-02, -8.000000000000E+01,  3.947230764323E+01, -3.089606035153E+00, -1.891078181288E-02, -1.414316204010E+01, -1.347398254981E+00, -5.156900880679E-01,  6.838003263490E-05 
                F16,  1.600000000000E-01,  1.000000000000E-02,  3.470991786331E+02,  1.805299468749E-01,  4.490158780814E+01,  1.709626515845E-01, -4.585685236398E-02,  8.585238004089E-03,  5.599973828200E+01, -1.477638520795E-03, -1.000010612267E+03,  9.979056616731E-01,  3.747221507762E-03,  6.457743221230E-02, -6.309172411369E-05, -9.582184545142E+00, -1.888934888635E+00, -1.450090428406E-01,  6.845692760380E-02, -7.768297714450E+01,  3.229693290099E+01, -3.686816051830E+00, -1.986993031420E-02, -1.381288442697E+01, -1.564435504488E+00, -6.022948757615E-01,  8.588414506012E-05 
                F16,  1.700000000000E-01,  1.000000000000E-02,  3.471220004192E+02,  2.267313208705E-01,  4.471033700678E+01,  1.981392055214E-01, -5.226767611231E-02,  1.006352387264E-02,  5.949964315436E+01, -1.810973729971E-03, -1.000012803201E+03,  9.979175908068E-01,  4.670314767151E-03,  6.433245041718E-02, -7.708194810933E-05, -1.033223181593E+01, -1.603203209760E+00, -1.852736880496E-01,  6.825357129068E-02, -7.208590870334E+01,  2.499867779071E+01, -4.310118408371E+00, -2.079593945801E-02, -1.344289034736E+01, -1.791329884674E+00, -6.934852046850E-01,  1.043045730889E-04 
                F16,  1.800000000000E-01,  1.000000000000E-02,  3.471473324585E+02,  2.797793456720E-01,  4.449843769015E+01,  2.269267480378E-01, -5.882838222503E-02,  1.166903072734E-02,  6.299952951034E+01, -2.183092299017E-03, -1.000015190269E+03,  9.979298967769E-01,  5.733621056404E-03,  6.405496191203E-02, -9.253573957430E-05, -1.101340327515E+01, -1.390033402774E+00, -2.318654528672E-01,  6.804111745273E-02, -6.406682632989E+01,  1.782717276433E+01, -4.947358753024E+00, -2.168956309625E-02, -1.303528769492E+01, -2.025784683200E+00, -7.880191943995E-01,  1.229472059108E-04 
                F16,  1.900000000000E-01,  1.000000000000E-02,  3.471751856882E+02,  3.398597099235E-01,  4.426606235299E+01,  2.570371236511E-01, -6.546693012953E-02,  1.339569686751E-02,  6.649939753867E+01, -2.592387956047E-03, -1.000017749614E+03,  9.979420913718E-01,  6.944519895086E-03,  6.374436418174E-02, -1.093024162657E-04, -1.160528312236E+01, -1.247144428172E+00, -2.848508076296E-01,  6.781988616147E-02, -5.436574015911E+01,  1.097463598034E+01, -5.584562436667E+00, -2.255155536453E-02, -1.259331725330E+01, -2.265533535867E+00, -8.843981909452E-01,  1.410715771756E-04 
                F16,  2.000000000000E-01,  1.000000000000E-02,  3.472055432498E+02,  4.070311922608E-01,  4.401357551780E+01,  2.881411161178E-01, -7.211501281602E-02,  1.523540510658E-02,  6.999924818081E+01, -3.036045566279E-03, -1.000020451420E+03,  9.979535743309E-01,  8.308831963468E-03,  6.340039922077E-02, -1.271624444640E-04, -1.209894052395E+01, -1.170590099495E+00, -3.441466626158E-01,  6.759018994123E-02, -4.436574015911E+01,  4.583105287337E+00, -6.205975111027E+00, -2.338267153404E-02, -1.212095748504E+01, -2.508400903946E+00, -9.809883538878E-01,  1.579338815381E-04 
                F16,  2.100000000000E-01,  1.000000000000E-02,  3.472383606790E+02,  4.812144310153E-01,  4.374151001342E+01,  3.199027099426E-01, -7.870940233643E-02,  1.717937185180E-02,  7.349908311347E+01, -3.510012800728E-03, -1.000023260383E+03,  9.979636370799E-01,  9.830702453814E-03,  6.302313138887E-02, -1.458267438855E-04, -1.249259792555E+01, -1.155225808918E+00, -4.095052099631E-01,  6.735233375840E-02, -3.436574015911E+01, -1.248560653287E+00, -6.794576678694E+00, -2.418366788464E-02, -1.162245175902E+01, -2.752347210812E+00, -1.076154490045E+00,  1.728244966901E-04 
                F16,  2.200000000000E-01,  1.000000000000E-02,  3.472735670743E+02,  5.621941125820E-01,  4.345054298816E+01,  3.519914084929E-01, -8.519286728489E-02,  1.921852256454E-02,  7.699890469702E+01, -4.009035098017E-03, -1.000026136255E+03,  9.979714700225E-01,  1.151260548228E-02,  6.261291984200E-02, -1.649393544336E-04, -1.278625532714E+01, -1.195106922007E+00, -4.805059297944E-01,  6.710661501618E-02, -2.436574015911E+01, -6.458046009215E+00, -7.332977564920E+00, -2.495530074973E-02, -1.110213446384E+01, -2.995500706791E+00, -1.168319353270E+00,  1.850969567653E-04 
                F16,  2.300000000000E-01,  1.000000000000E-02,  3.473110671171E+02,  6.496265978964E-01,  4.314147249962E+01,  3.840841569330E-01, -9.151473172694E-02,  2.134339191485E-02,  8.049871589893E+01, -4.526711006688E-03, -1.000029034426E+03,  9.979761735175E-01,  1.335537798600E-02,  6.217038751739E-02, -1.840817890648E-04, -1.297991272873E+01, -1.283823003966E+00, -5.565565863774E-01,  6.685332356189E-02, -1.436574015911E+01, -1.101340187173E+01, -7.804314464519E+00, -2.569832494712E-02, -1.056440130947E+01, -3.236178123894E+00, -1.255987213295E+00,  1.941881247157E-04 
                F16,  2.400000000000E-01,  1.000000000000E-02,  3.473507437594E+02,  7.430494006931E-01,  4.281519530203E+01,  4.158653214698E-01, -9.763113929420E-02,  2.354394884283E-02,  8.399852020065E+01, -5.055553585588E-03, -1.000031906513E+03,  9.979767725368E-01,  1.535825601526E-02,  6.169638830714E-02, -2.027785648955E-04, -1.307357013032E+01, -1.414772830520E+00, -6.369023959650E-01,  6.659274171206E-02, -4.365740159114E+00, -1.490739425596E+01, -8.192990712441E+00, -2.641349180959E-02, -1.001370676203E+01, -3.472896023588E+00, -1.337759355740E+00,  1.996302230866E-04 
                F16,  2.500000000000E-01,  1.000000000000E-02,  3.473924613883E+02,  8.418917549124E-01,  4.247268625952E+01,  4.470266560087E-01, -1.035050799446E-01,  2.580944209945E-02,  8.749832149583E+01, -5.587054650240E-03, -1.000034700960E+03,  9.979722348286E-01,  1.751891089421E-02,  6.119197374147E-02, -2.205038040885E-04, -1.306722753191E+01, -1.581385630852E+00, -7.206417245718E-01,  6.632514429820E-02,  5.634259840886E+00, -1.815241234133E+01, -8.485245514955E+00, -2.710154700767E-02, -9.454561544864E+00, -3.704374566996E+00, -1.412347517980E+00,  2.010557174506E-04 
                F16,  2.600000000000E-01,  1.000000000000E-02,  3.474360692765E+02,  9.454860654060E-01,  4.211497965530E+01,  4.772672533256E-01, -1.091062307715E-01,  2.812826950468E-02,  9.099812398643E+01, -6.111750042972E-03, -1.000037363602E+03,  9.979614923316E-01,  1.983348523713E-02,  6.065836022456E-02, -2.366888109083E-04, -1.296088493350E+01, -1.777294257162E+00, -8.067466765171E-01,  6.605079873457E-02,  1.557554330740E+01, -2.077595092544E+01, -8.669566889392E+00, -2.776322832979E-02, -8.891530284310E+00, -3.929535264912E+00, -1.478585067742E+00,  1.981962884109E-04 
                F16,  2.700000000000E-01,  1.000000000000E-02,  3.474814051345E+02,  1.053079903923E+00,  4.174315253133E+01,  5.062943947850E-01, -1.144106559716E-01,  3.048791698099E-02,  9.449793208221E+01, -6.619285097389E-03, -1.000039838212E+03,  9.979434654863E-01,  2.229663033049E-02,  6.009689761832E-02, -2.507305285235E-04, -1.275512950043E+01, -1.996466021189E+00, -8.940870895172E-01,  6.576996510774E-02,  2.529108409714E+01, -2.281666308238E+01, -8.736964299645E+00, -2.839926355268E-02, -8.329216203235E+00, -4.147494085752E+00, -1.535438532255E+00,  1.908773140746E-04 
                F16,  2.800000000000E-01,  1.000000000000E-02,  3.475282985809E+02,  1.163847656970E+00,  4.135831006776E+01,  5.338303222874E-01, -1.194004044096E-01,  3.287521199464E-02,  9.799775030720E+01, -7.098483050375E-03, -1.000042067004E+03,  9.979170898256E-01,  2.490155373493E-02,  5.950903974378E-02, -2.620008414648E-04, -1.245636470945E+01, -2.233296823946E+00, -9.814566650967E-01,  6.548289628642E-02,  3.395742208974E+01, -2.432096494378E+01, -8.681126986908E+00, -2.901036849904E-02, -7.772160590433E+00, -4.357551103359E+00, -1.582033701442E+00,  1.790095184790E-04 
                F16,  2.900000000000E-01,  1.000000000000E-02,  3.475765743526E+02,  1.276903179442E+00,  4.096157274317E+01,  5.596360257142E-01, -1.240630311672E-01,  3.527744841689E-02,  1.014975832150E+02, -7.537452556000E-03, -1.000043991099E+03,  9.978813419071E-01,  2.764016075817E-02,  5.889631706640E-02, -2.698574494907E-04, -1.207691124199E+01, -2.482673967339E+00, -1.067600470311E+00,  6.518983804959E-02,  4.133543868588E+01, -2.534016383422E+01, -8.498540914297E+00, -2.959724534053E-02, -7.224491591382E+00, -4.559177490575E+00, -1.617725725497E+00,  1.625796869943E-04 
                F16,  3.000000000000E-01,  1.000000000000E-02,  3.476260553368E+02,  1.391319087953E+00,  4.055406510792E+01,  5.835194948606E-01, -1.283910690906E-01,  3.768282613212E-02,  1.049974353148E+02, -7.923725045768E-03, -1.000045550936E+03,  9.978352627691E-01,  3.050327126851E-02,  5.826031178318E-02, -2.736555132479E-04, -1.163047218741E+01, -2.740012703743E+00, -1.151244227830E+00,  6.489102923017E-02,  4.737228899653E+01, -2.592807261247E+01, -8.188722836304E+00, -3.016058115968E-02, -6.689785598077E+00, -4.752000676162E+00, -1.642116360925E+00,  1.416395026088E-04 
                F16,  3.100000000000E-01,  1.000000000000E-02,  3.476765653186E+02,  1.506147758697E+00,  4.013690605698E+01,  6.053356117850E-01, -1.323814754470E-01,  4.008052941674E-02,  1.084973110083E+02, -8.244395843132E-03, -1.000046686658E+03,  9.977779784752E-01,  3.348085511114E-02,  5.760263547455E-02, -2.727589514489E-04, -1.113012251196E+01, -3.001271180561E+00, -1.231125414876E+00,  6.458670187172E-02,  5.214066608008E+01, -2.613906806950E+01, -7.754351583485E+00, -3.070104680507E-02, -6.171045245391E+00, -4.935788461207E+00, -1.655042916131E+00,  1.162937142131E-04 
                F16,  3.200000000000E-01,  1.000000000000E-02,  3.477279313727E+02,  1.620441383794E+00,  3.971120047203E+01,  6.249827917935E-01, -1.360350735609E-01,  4.246067684916E-02,  1.119972145399E+02, -8.486257294008E-03, -1.000047338432E+03,  9.977087173752E-01,  3.656226082406E-02,  5.692490937667E-02, -2.665508489720E-04, -1.058812406607E+01, -3.262948001403E+00, -1.306024732550E+00,  6.427708139502E-02,  5.572921246439E+01, -2.602654884527E+01, -7.201219019043E+00, -3.121929604621E-02, -5.670724181088E+00, -5.110432731779E+00, -1.656555747850E+00,  8.668857642248E-05 
                F16,  3.300000000000E-01,  1.000000000000E-02,  3.477799858638E+02,  1.733269713974E+00,  3.927803210753E+01,  6.423992725401E-01, -1.393560050863E-01,  4.481427371705E-02,  1.154971499574E+02, -8.635918194892E-03, -1.000047446736E+03,  9.976268239016E-01,  3.973642501803E-02,  5.622874725341E-02, -2.544426988751E-04, -1.001579220165E+01, -3.522066174354E+00, -1.374796168088E+00,  6.396238677166E-02,  5.823744522784E+01, -2.564174751797E+01, -6.538006733114E+00, -3.171596501346E-02, -5.190758707534E+00, -5.275933276429E+00, -1.646893569357E+00,  5.300118831102E-05 
                F16,  3.400000000000E-01,  1.000000000000E-02,  3.478325680600E+02,  1.843735441817E+00,  3.883845758326E+01,  6.575591206972E-01, -1.423512042440E-01,  4.713316487485E-02,  1.189971210832E+02, -8.679909815277E-03, -1.000046952603E+03,  9.975317686370E-01,  4.299206259132E-02,  5.551574077331E-02, -2.358823959167E-04, -9.423409362369E+00, -3.776146765588E+00, -1.436394125962E+00,  6.364283070197E-02,  5.977143267049E+01, -2.503285204075E+01, -5.775931214320E+00, -3.219167189460E-02, -4.732605323797E+00, -5.432382083601E+00, -1.626457411175E+00,  1.543001680178E-05 
                F16,  3.500000000000E-01,  1.000000000000E-02,  3.478855253728E+02,  1.950987156203E+00,  3.839350136506E+01,  6.704680994697E-01, -1.450299025347E-01,  4.940998935988E-02,  1.224971314950E+02, -8.604778504957E-03, -1.000045797824E+03,  9.974231546216E-01,  4.631783669097E-02,  5.478744726007E-02, -2.103609234848E-04, -8.820178387686E+00, -4.023175134629E+00, -1.489896517132E+00,  6.331861979487E-02,  6.044016890940E+01, -2.424439319091E+01, -4.928297287318E+00, -3.264701685454E-02, -4.297282246090E+00, -5.579948407012E+00, -1.595784207479E+00, -2.581324700526E-05 
                F16,  3.600000000000E-01,  1.000000000000E-02,  3.479387142562E+02,  2.054229881862E+00,  3.794415163001E+01,  6.811595160315E-01, -1.474031698932E-01,  5.163813735077E-02,  1.259971845142E+02, -8.397165327619E-03, -1.000043925116E+03,  9.973007200242E-01,  4.970250798336E-02,  5.404537965668E-02, -1.774177194318E-04, -8.214208833370E+00, -4.261562205017E+00, -1.534523078375E+00,  6.298995474751E-02,  6.035258823024E+01, -2.331685702806E+01, -4.009996450671E+00, -3.308258214182E-02, -3.885413260511E+00, -5.718864807571E+00, -1.555520818305E+00, -7.040284303326E-05 
                F16,  3.700000000000E-01,  1.000000000000E-02,  3.479920007966E+02,  2.152733285484E+00,  3.749135692696E+01,  6.896901458635E-01, -1.494834961043E-01,  5.381170957160E-02,  1.294972832003E+02, -8.043873486193E-03, -1.000041278253E+03,  9.971643374332E-01,  5.313506333655E-02,  5.329099852531E-02, -1.366447439497E-04, -7.612530207155E+00, -4.490102828014E+00, -1.569648539029E+00,  6.265703053522E-02,  5.961515869191E+01, -2.228648427019E+01, -3.036982526049E+00, -3.349892996067E-02, -3.497272520765E+00, -5.849414312724E+00, -1.506399138206E+00, -1.181349322460E-04 
                F16,  3.800000000000E-01,  1.000000000000E-02,  3.480452610367E+02,  2.245837682453E+00,  3.703602355488E+01,  6.961363110169E-01, -1.512844145203E-01,  5.592547895305E-02,  1.329974303510E+02, -7.531924519144E-03, -1.000037802174E+03,  9.970140101220E-01,  5.660482445332E-02,  5.252570589449E-02, -8.768930394973E-05, -7.021126628214E+00, -4.707932932066E+00, -1.594810552108E+00,  6.232003659594E-02,  5.832999392205E+01, -2.118522178767E+01, -2.025752158326E+00, -3.389660564124E-02, -3.132829142884E+00, -5.971918777369E+00, -1.449212791429E+00, -1.687875515794E-04 
                F16,  3.900000000000E-01,  1.000000000000E-02,  3.480983810717E+02,  2.332958017077E+00,  3.657901359188E+01,  7.005901715164E-01, -1.528201686684E-01,  5.797485420922E-02,  1.364976285061E+02, -6.848604368017E-03, -1.000033443063E+03,  9.968498657143E-01,  6.010153733907E-02,  5.175084076132E-02, -3.025571340385E-05, -6.444988027168E+00, -4.914486819965E+00, -1.609712555965E+00,  6.197915699913E-02,  5.659342291372E+01, -2.004079491614E+01, -9.928525448187E-01, -3.427613761567E-02, -2.791790667635E+00, -6.086728483780E+00, -1.384795775551E+00, -2.221455630864E-04 
                F16,  4.000000000000E-01,  1.000000000000E-02,  3.481512569609E+02,  2.413586015629E+00,  3.612114351482E+01,  7.031562734191E-01, -1.541054211802E-01,  5.995584493593E-02,  1.399978799537E+02, -5.981500462888E-03, -1.000028148401E+03,  9.966721477122E-01,  6.361544375154E-02,  5.096767605717E-02,  3.589411202528E-05, -5.888173596854E+00, -5.109455680370E+00, -1.614221930120E+00,  6.163457061208E-02,  5.449495962731E+01, -1.887687286143E+01,  4.556638574083E-02, -3.463803795169E-02, -2.473644658644E+00, -6.194212980296E+00, -1.314003292238E+00, -2.780028597014E-04 
                F16,  4.100000000000E-01,  1.000000000000E-02,  3.482037944894E+02,  2.487290727116E+00,  3.566318335482E+01,  7.039483833722E-01, -1.551550035754E-01,  6.186502784999E-02,  1.434981867398E+02, -4.918530960864E-03, -1.000021867007E+03,  9.964812053647E-01,  6.713733596977E-02,  5.017741689062E-02,  1.109410145865E-04, -5.353883772986E+00, -5.292748120697E+00, -1.608363955822E+00,  6.128645126064E-02,  5.211661704884E+01, -1.771330300319E+01,  1.074143047988E+00, -3.498280292288E-02, -2.177697880123E+00, -6.294753128736E+00, -1.237694896707E+00, -3.361637939018E-04 
                F16,  4.200000000000E-01,  1.000000000000E-02,  3.482559088172E+02,  2.553717673075E+00,  3.520585633738E+01,  7.030866277776E-01, -1.559837047584E-01,  6.369951384381E-02,  1.469985506776E+02, -3.647967218938E-03, -1.000014549056E+03,  9.962774823466E-01,  7.065859634719E-02,  4.938119988878E-02,  1.950097888265E-04, -4.844537561018E+00, -5.464453303533E+00, -1.592312191522E+00,  6.093496788427E-02,  4.953251382242E+01, -1.656639331256E+01,  2.078630752301E+00, -3.531091359731E-02, -1.903112652848E+00, -6.388734307812E+00, -1.156720006878E+00, -3.964439801079E-04 
                F16,  4.300000000000E-01,  1.000000000000E-02,  3.483075240447E+02,  2.612586826492E+00,  3.474983895823E+01,  7.006949447422E-01, -1.566060955998E-01,  6.545691560631E-02,  1.504989733592E+02, -2.158450499933E-03, -1.000006146086E+03,  9.960615046909E-01,  7.417122318666E-02,  4.858009346849E-02,  2.881710879020E-04, -4.361852525663E+00, -5.624807077115E+00, -1.566375930492E+00,  6.058028468507E-02,  4.680872546255E+01, -1.544922531924E+01,  3.046155959172E+00, -3.562283642995E-02, -1.648940121470E+00, -6.476540703046E+00, -1.071905738988E+00, -4.586706086847E-04 
                F16,  4.400000000000E-01,  1.000000000000E-02,  3.483585727212E+02,  2.663689632568E+00,  3.429576144695E+01,  6.968988487475E-01, -1.570363866585E-01,  6.713531564479E-02,  1.539994561660E+02, -4.390038103488E-04, -9.999966109938E+02,  9.958338683791E-01,  7.766784450243E-02,  4.777509888041E-02,  3.904439194394E-04, -3.906925219303E+00, -5.774161329838E+00, -1.530985427748E+00,  6.022256127101E-02,  4.400333629348E+01, -1.437198304990E+01,  3.965407872224E+00, -3.591902384770E-02, -1.414150281176E+00, -6.558550602116E+00, -9.840469776199E-01, -5.226823928914E-04 
                F16,  4.500000000000E-01,  1.000000000000E-02,  3.484089953192E+02,  2.706885272113E+00,  3.384420857171E+01,  6.918235012572E-01, -1.572883159116E-01,  6.873323462474E-02,  1.575000002805E+02,  1.520960338868E-03, -9.999858980208E+02,  9.955952269468E-01,  8.114172122255E-02,  4.696715188161E-02,  5.017986122651E-04, -3.480310243226E+00, -5.912956666804E+00, -1.486675572443E+00,  5.986195279334E-02,  4.116665251906E+01, -1.334228608382E+01,  4.826761801800E+00, -3.619991481914E-02, -1.197658708591E+00, -6.635132607308E+00, -8.938985435366E-01, -5.883292522445E-04 
                F16,  4.600000000000E-01,  1.000000000000E-02,  3.484587396914E+02,  2.742096352955E+00,  3.339572073885E+01,  6.855920751621E-01, -1.573750632880E-01,  7.024960001743E-02,  1.610006066969E+02,  3.731635566252E-03, -9.999739627323E+02,  9.953462794054E-01,  8.458674134284E-02,  4.615712490561E-02,  6.221601415852E-04, -3.082096510500E+00, -6.041698400309E+00, -1.434068646010E+00,  5.949861007839E-02,  3.834154108509E+01, -1.236551731707E+01,  5.622340913539E+00, -3.646593540334E-02, -9.983500218157E-01, -6.706642673057E+00, -8.021692910246E-01, -6.554718177891E-04 
                F16,  4.700000000000E-01,  1.000000000000E-02,  3.485077605270E+02,  2.769304197125E+00,  3.295079534233E+01,  6.783243968788E-01, -1.573091888182E-01,  7.168371510648E-02,  1.645012762314E+02,  6.202820069977E-03, -9.999607619912E+02,  9.950877587282E-01,  8.799740647611E-02,  4.534582961231E-02,  7.514117083882E-04, -2.711979612014E+00, -6.160935763153E+00, -1.373856751635E+00,  5.913267975408E-02,  3.556386316567E+01, -1.144513819001E+01,  6.346022575278E+00, -3.671749927441E-02, -8.150981591462E-01, -6.773421875823E+00, -7.095179458702E-01, -7.239808279426E-04 
                F16,  4.800000000000E-01,  1.000000000000E-02,  3.485560188162E+02,  2.788543872695E+00,  3.250988831921E+01,  6.701358469354E-01, -1.571025912995E-01,  7.303522845191E-02,  1.680020095327E+02,  8.943917411485E-03, -9.999462539282E+02,  9.948204210932E-01,  9.136881215451E-02,  4.453401971370E-02,  8.893984784069E-04, -2.369329478867E+00, -6.271244190811E+00, -1.306784432758E+00,  5.876430437122E-02,  3.286297511635E+01, -1.058298601597E+01,  6.993396579232E+00, -3.695500821982E-02, -6.467836168518E-01, -6.835794825092E+00, -6.165504841610E-01, -7.937364682890E-04 
                F16,  4.900000000000E-01,  1.000000000000E-02,  3.486034813331E+02,  2.799899099778E+00,  3.207341586910E+01,  6.611364978525E-01, -1.567664845214E-01,  7.430410394349E-02,  1.715028070906E+02,  1.196393923501E-02, -9.999303979096E+02,  9.945450360219E-01,  9.469662314282E-02,  4.372239398435E-02,  1.035931396402E-03, -2.053252786804E+00, -6.373210473220E+00, -1.233631922120E+00,  5.839362252006E-02,  3.026227353675E+01, -9.779549665727E+00,  7.561683105170E+00, -3.717885261211E-02, -4.923078248282E-01, -6.894068627744E+00, -5.238188490597E-01, -8.646276954446E-04 
                F16,  5.000000000000E-01,  1.000000000000E-02,  3.486501201425E+02,  2.803497141041E+00,  3.164175629790E+01,  6.514304669163E-01, -1.563113882753E-01,  7.549059159513E-02,  1.750036692457E+02,  1.527150959892E-02, -9.999131545028E+02,  9.942623775070E-01,  9.797704491200E-02,  4.291159937833E-02,  1.190791002373E-03, -1.762649764136E+00, -6.467420546497E+00, -1.155199383088E+00,  5.802076894214E-02,  2.777976463591E+01, -9.034221224716E+00,  8.049618472273E+00, -3.738941185406E-02, -3.506048665615E-01, -6.948532322714E+00, -4.318208060609E-01, -9.365515738788E-04 
                F16,  5.100000000000E-01,  1.000000000000E-02,  3.486959121338E+02,  2.799503768626E+00,  3.121525194883E+01,  6.411154609345E-01, -1.557471315862E-01,  7.659519924049E-02,  1.785045961966E+02,  1.887487065665E-02, -9.998944854420E+02,  9.939732161779E-01,  1.012067923082E-01,  4.210223418617E-02,  1.353731187204E-03, -1.496265246091E+00, -6.554449676938E+00, -1.072292424957E+00,  5.764587463794E-02,  2.542864137051E+01, -8.345522370144E+00,  8.457316573442E+00, -3.758705479858E-02, -2.206507680041E-01, -6.999456708692E+00, -3.410007455667E-01, -1.009412645372E-03 
                F16,  5.200000000000E-01,  1.000000000000E-02,  3.487408385855E+02,  2.788118382027E+00,  3.079421118677E+01,  6.302824901287E-01, -1.550828658307E-01,  7.761866528773E-02,  1.820055880084E+02,  2.278188947535E-02, -9.998743535937E+02,  9.936783125178E-01,  1.043830563369E-01,  4.129485117667E-02,  1.524482835878E-03, -1.252733968715E+00, -6.634854781876E+00, -9.857090970115E-01,  5.726906697037E-02,  2.321785481403E+01, -7.711305132088E+00,  8.786113466096E+00, -3.777214014443E-02, -1.014705900724E-01, -7.047094493920E+00, -2.517512536112E-01, -1.083122343449E-03 
                F16,  5.300000000000E-01,  1.000000000000E-02,  3.487848847610E+02,  2.769569335485E+00,  3.037891040557E+01,  6.190157288526E-01, -1.543270856417E-01,  7.856193268135E-02,  1.855066446194E+02,  2.700006582057E-02, -9.998527229223E+02,  9.933784111145E-01,  1.075034698673E-01,  4.048996067844E-02,  1.702757316554E-03, -1.030620217151E+00, -6.709168632438E+00, -8.962284943378E-01,  5.689046976441E-02,  2.115266890968E+01, -7.128927429763E+00,  9.038401974869E+00, -3.794501680958E-02,  7.856437200858E-03, -7.091680703953E+00, -1.644152861126E-01, -1.157598459401E-03 
                F16,  5.400000000000E-01,  1.000000000000E-02,  3.488280395348E+02,  2.744109519030E+00,  2.996959603144E+01,  6.073925017354E-01, -1.534876557403E-01,  7.942612420220E-02,  1.890077658482E+02,  3.153654076604E-02, -9.998295584572E+02,  9.930742359042E-01,  1.105660729508E-01,  3.968803356577E-02,  1.888249783247E-03, -8.284520393814E-01, -6.777895690092E+00, -8.046010435713E-01,  5.651020340320E-02,  1.923519016147E+01, -6.595404333392E+00,  9.217462405208E+00, -3.810602428390E-02,  1.081935031130E-01, -7.133433290108E+00, -7.928879815895E-02, -1.232764662281E-03 
                F16,  5.500000000000E-01,  1.000000000000E-02,  3.488702950497E+02,  2.712012224478E+00,  2.956648649943E+01,  5.954833750391E-01, -1.525718420675E-01,  8.021251921554E-02,  1.925089513993E+02,  3.639810601101E-02, -9.998048262610E+02,  9.927664863471E-01,  1.135692783410E-01,  3.888950412129E-02,  2.080642268511E-03, -6.447503101016E-01, -6.841509340598E+00, -7.115404799991E-01,  5.612838492060E-02,  1.746486593506E+01, -6.107536415665E+00,  9.327294627274E+00, -3.825549296275E-02,  2.003442983906E-01, -7.172553888178E+00,  3.376303263588E-03, -1.308550072152E-03 
                F16,  5.600000000000E-01,  1.000000000000E-02,  3.489116464032E+02,  2.673567316555E+00,  2.916977418347E+01,  5.833523344200E-01, -1.515863458118E-01,  8.092253195299E-02,  1.960102008700E+02,  4.159121380422E-02, -9.997784933992E+02,  9.924558344620E-01,  1.165118377030E-01,  3.809477275568E-02,  2.279606550280E-03, -4.780529832430E-01, -6.900450304158E+00, -6.177174792428E-01,  5.574512809057E-02,  1.583894688366E+01, -5.662016845542E+00,  9.372455913492E+00, -3.839374446344E-02,  2.850523723521E-01, -7.209228683647E+00,  8.336899766155E-02, -1.384888883737E-03 
                F16,  5.700000000000E-01,  1.000000000000E-02,  3.489520913612E+02,  2.629077719766E+00,  2.877962726437E+01,  5.710570318224E-01, -1.505373391444E-01,  8.155769138813E-02,  1.995115137553E+02,  4.712198738523E-02, -9.997505279111E+02,  9.921429226372E-01,  1.193928089088E-01,  3.730420857086E-02,  2.484806783860E-03, -3.269349083154E-01, -6.955126018115E+00, -5.237548673675E-01,  5.536054351344E-02,  1.435291059915E+01, -5.255519061007E+00,  9.357908039564E+00, -3.852109192580E-02,  3.630015595715E-01, -7.243629345928E+00,  1.605158784722E-01, -1.461720036349E-03 
                F16,  5.800000000000E-01,  1.000000000000E-02,  3.489916300968E+02,  2.578856223660E+00,  2.839619152324E+01,  5.586490858544E-01, -1.494305016683E-01,  8.211962273968E-02,  2.030128894534E+02,  5.299623186202E-02, -9.997208987830E+02,  9.918283621316E-01,  1.222115247283E-01,  3.651815175882E-02,  2.695901895917E-03, -1.900236077894E-01, -7.005910807514E+00, -4.302243024509E-01,  5.497473869924E-02,  1.300084493309E+01, -4.884766954371E+00,  9.288876318863E+00, -3.863784029849E-02,  4.348172854206E-01, -7.275914000117E+00,  2.346778516222E-01, -1.538986925142E-03 
                F16,  5.900000000000E-01,  1.000000000000E-02,  3.490302649540E+02,  2.523222602592E+00,  2.801959205132E+01,  5.461744216501E-01, -1.482710567687E-01,  8.261003061074E-02,  2.065143272712E+02,  5.921944544881E-02, -9.996895759222E+02,  9.915127321784E-01,  1.249675631536E-01,  3.573691583241E-02,  2.912547742297E-03, -6.601142245061E-02, -7.053146678326E+00, -3.376442979690E-01,  5.458781814825E-02,  1.177579055343E+01, -4.546589530327E+00,  9.170722457574E+00, -3.874428661227E-02,  5.010685760548E-01, -7.306228210194E+00,  3.057468724879E-01, -1.616637148516E-03 
                F16,  6.000000000000E-01,  1.000000000000E-02,  3.490680002321E+02,  2.462501040886E+00,  2.764993486970E+01,  5.336736378667E-01, -1.470638072172E-01,  8.303068374877E-02,  2.100158264289E+02,  6.579683099147E-02, -9.996565301333E+02,  9.911965796036E-01,  1.276607195229E-01,  3.496078968896E-02,  3.134399035544E-03,  4.633556881138E-02, -7.097144587710E+00, -2.464794431358E-01,  5.419988342886E-02,  1.067004322219E+01, -4.237961967859E+00,  9.008832409578E+00, -3.884072024133E-02,  5.622706152727E-01, -7.334705952594E+00,  3.736427749940E-01, -1.694622286449E-03 
                F16,  6.100000000000E-01,  1.000000000000E-02,  3.491048419900E+02,  2.397017850279E+00,  2.728730845520E+01,  5.211823900728E-01, -1.458131695246E-01,  8.338340138935E-02,  2.135173860648E+02,  7.273330771048E-02, -9.996217330956E+02,  9.908804188785E-01,  1.302909805551E-01,  3.419003950980E-02,  3.361111051262E-03,  1.481714570487E-01, -7.138186064630E+00, -1.571406667798E-01,  5.381103325287E-02,  9.675417015046E+00, -3.956034945213E+00,  8.808519786818E+00, -3.892742315366E-02,  6.188877077455E-01, -7.361470563511E+00,  4.383102344014E-01, -1.772897704852E-03 
                F16,  6.200000000000E-01,  1.000000000000E-02,  3.491407978682E+02,  2.327099463555E+00,  2.693178517079E+01,  5.087317813208E-01, -1.445232066691E-01,  8.367004112768E-02,  2.170190052400E+02,  8.003352309304E-02, -9.995851573415E+02,  9.905647325276E-01,  1.328585003517E-01,  3.342491050188E-02,  3.592341124895E-03,  2.405668566642E-01, -7.176525072309E+00, -6.998638855735E-02,  5.342136354837E-02,  8.783470277019E+00, -3.698153983565E+00,  8.574944848231E+00, -3.900467015142E-02,  6.713365249826E-01, -7.386635647252E+00,  4.997158945483E-01, -1.851422381359E-03 
                F16,  6.300000000000E-01,  1.000000000000E-02,  3.491758769272E+02,  2.253070686260E+00,  2.658342260084E+01,  4.963487521470E-01, -1.431976589331E-01,  8.389248824555E-02,  2.205206829426E+02,  8.770186486836E-02, -9.995467762375E+02,  9.902499718218E-01,  1.353635783827E-01,  3.266562848903E-02,  3.827749952349E-03,  3.245073419697E-01, -7.212390020914E+00,  1.467559661053E-02,  5.303096753022E-02,  7.985696537510E+00, -3.461870439388E+00,  8.313048649614E+00, -3.907272910178E-02,  7.199895267621E-01, -7.410305936401E+00,  5.578456809259E-01, -1.930158748512E-03 
                F16,  6.400000000000E-01,  1.000000000000E-02,  3.492100894998E+02,  2.175253187086E+00,  2.624226479278E+01,  4.840564635954E-01, -1.418399726784E-01,  8.405264640848E-02,  2.240224180924E+02,  9.574247300172E-02, -9.995065639648E+02,  9.899365576925E-01,  1.378066394348E-01,  3.191240136170E-02,  4.067002709014E-03,  4.008936285781E-01, -7.245985854503E+00,  9.658564896085E-02,  5.263993576829E-02,  7.273682911670E+00, -3.244945635806E+00,  8.027501585682E+00, -3.913186115916E-02,  7.651784663541E-01, -7.432578097485E+00,  6.127023129357E-01, -2.009072550741E-03 
                F16,  6.500000000000E-01,  1.000000000000E-02,  3.492434470561E+02,  2.093964206942E+00,  2.590834340834E+01,  4.718746680965E-01, -1.404533269694E-01,  8.415242963749E-02,  2.275242095449E+02,  1.041592516464E-01, -9.994644955021E+02,  9.896248818098E-01,  1.401882154717E-01,  3.116542039510E-02,  4.309770002450E-03,  4.705431877002E-01, -7.277496150457E+00,  1.755293681394E-01,  5.224835625352E-02,  6.639238710872E+00, -3.045349475992E+00,  7.722665289127E+00, -3.918232097908E-02,  8.071979025193E-01, -7.453541478348E+00,  6.643030219272E-01, -2.088132712111E-03 
                F16,  6.600000000000E-01,  1.000000000000E-02,  3.492759620806E+02,  2.009515466642E+00,  2.558167878807E+01,  4.598200641575E-01, -1.390406580156E-01,  8.419375545290E-02,  2.310260560954E+02,  1.129558809954E-01, -9.994205466089E+02,  9.893153077772E-01,  1.425089293343E-01,  3.042486144581E-02,  4.555728674177E-03,  5.341930092796E-01, -7.307085182296E+00,  2.513343588711E-01,  5.185631446185E-02,  6.074497089098E+00, -2.861254732411E+00,  7.402566662688E+00, -3.922435692431E-02,  8.463086548392E-01, -7.473278795505E+00,  7.126774760574E-01, -2.167311212295E-03 
                F16,  6.700000000000E-01,  1.000000000000E-02,  3.493076479586E+02,  1.922212253501E+00,  2.526228093377E+01,  4.479066318213E-01, -1.376046814616E-01,  8.417853908315E-02,  2.345279564830E+02,  1.221358289784E-01, -9.993746938096E+02,  9.890081723990E-01,  1.447694801881E-01,  2.969088603710E-02,  4.804562465906E-03,  5.925032584065E-01, -7.334899907976E+00,  3.238667927336E-01,  5.146389341621E-02,  5.571992579412E+00, -2.691028058484E+00,  7.070882700896E+00, -3.925821126350E-02,  8.827411513438E-01, -7.491866761419E+00,  7.578659085416E-01, -2.246582968661E-03 
                F16,  6.800000000000E-01,  1.000000000000E-02,  3.493385188727E+02,  1.832352667844E+00,  2.495015041372E+01,  4.361459467382E-01, -1.361479125886E-01,  8.410868862998E-02,  2.380299093947E+02,  1.317023627548E-01, -9.993269143787E+02,  9.887037869866E-01,  1.469706306141E-01,  2.896364234321E-02,  5.055962565038E-03,  6.460615979035E-01, -7.361071855554E+00,  3.930278669290E-01,  5.107117374641E-02,  5.124717339200E+00, -2.533218627508E+00,  6.730934699116E+00, -3.928412036272E-02,  9.166986286036E-01, -7.509376653006E+00,  7.999174423673E-01, -2.325925722849E-03 
                F16,  6.900000000000E-01,  1.000000000000E-02,  3.493685897063E+02,  1.740227011355E+00,  2.464527919593E+01,  4.245474714650E-01, -1.346726845267E-01,  8.398610108182E-02,  2.415319134690E+02,  1.416585599581E-01, -9.992771863265E+02,  9.884024386751E-01,  1.491131952316E-01,  2.824326608234E-02,  5.309628043647E-03,  6.953879778042E-01, -7.385718886445E+00,  4.587502468374E-01,  5.067823374732E-02,  4.726158836759E+00, -2.386545169637E+00,  6.385690439599E+00, -3.930231487010E-02,  9.483601544298E-01, -7.525874823673E+00,  8.388886019094E-01, -2.405319930520E-03 
                F16,  7.000000000000E-01,  1.000000000000E-02,  3.493978759555E+02,  1.646117300354E+00,  2.434765141468E+01,  4.131188232645E-01, -1.331811645970E-01,  8.381265906988E-02,  2.450339672997E+02,  1.520073196515E-01, -9.992254883848E+02,  9.881043917263E-01,  1.511980307323E-01,  2.752988132774E-02,  5.565266204237E-03,  7.409397192043E-01, -7.408946823591E+00,  5.209945651616E-01,  5.028514943511E-02,  4.370321586339E+00, -2.249882053238E+00,  6.037772978109E+00, -3.931301989387E-02,  9.778834520974E-01, -7.541423161971E+00,  8.748419999972E-01, -2.484748653352E-03 
                F16,  7.100000000000E-01,  1.000000000000E-02,  3.494263936471E+02,  1.550296888305E+00,  2.405724407546E+01,  4.018660182380E-01, -1.316753689172E-01,  8.359022826562E-02,  2.485360694393E+02,  1.627513729606E-01, -9.991717999943E+02,  9.878098888019E-01,  1.532260272083E-01,  2.682360124553E-02,  5.822592844654E-03,  7.831167453104E-01, -7.430850937767E+00,  5.797460370158E-01,  4.989199460181E-02,  4.051735383684E+00, -2.122244942967E+00,  5.689474721678E+00, -3.931645517392E-02,  1.005407512617E+00, -7.556079500451E+00,  9.078451877393E-01, -2.564197452561E-03 
                F16,  7.200000000000E-01,  1.000000000000E-02,  3.494541592619E+02,  1.453030183171E+00,  2.377402770350E+01,  3.907936920819E-01, -1.301571754137E-01,  8.332065532425E-02,  2.520382184031E+02,  1.738932933557E-01, -9.991161012911E+02,  9.875191521921E-01,  1.551981006523E-01,  2.612452876753E-02,  6.081332453439E-03,  8.222668361882E-01, -7.451517290003E+00,  6.350112376518E-01,  4.949884086815E-02,  3.765452317946E+00, -2.002776464090E+00,  5.342775579824E+00, -3.931283524721E-02,  1.031054988066E+00, -7.569897978665E+00,  9.379696537082E-01, -2.643654283541E-03 
                F16,  7.300000000000E-01,  1.000000000000E-02,  3.494811896645E+02,  1.354572446564E+00,  2.349796694053E+01,  3.799052981339E-01, -1.286283353865E-01,  8.300576628528E-02,  2.555404126719E+02,  1.854355065589E-01, -9.990583730947E+02,  9.872323849921E-01,  1.571151865145E-01,  2.543275720631E-02,  6.341218345855E-03,  8.586908055511E-01, -7.471023931991E+00,  6.868150778766E-01,  4.910575773480E-02,  3.507034646150E+00, -1.890732211079E+00,  4.999364080885E+00, -3.930236960700E-02,  1.054934364463E+00, -7.582929364389E+00,  9.652899588234E-01, -2.723109391317E-03 
                F16,  7.400000000000E-01,  1.000000000000E-02,  3.495075020372E+02,  1.255169662954E+00,  2.322902109437E+01,  3.692032836636E-01, -1.270904837713E-01,  8.264736534904E-02,  2.590426506957E+02,  1.973803000606E-01, -9.989985968956E+02,  9.869497722191E-01,  1.589782342025E-01,  2.474837081921E-02,  6.601992749720E-03,  8.926475178279E-01, -7.489441969260E+00,  7.351980017215E-01,  4.871281263202E-02,  3.272535419321E+00, -1.785467358137E+00,  4.660660465331E+00, -3.928526285626E-02,  1.077141917124E+00, -7.595221337187E+00,  9.898829933749E-01, -2.802555206720E-03 
                F16,  7.500000000000E-01,  1.000000000000E-02,  3.495331138188E+02,  1.155058468449E+00,  2.296714464542E+01,  3.586892455877E-01, -1.255451482399E-01,  8.224723395591E-02,  2.625449308971E+02,  2.097298322302E-01, -9.989367548432E+02,  9.866714818669E-01,  1.607882024178E-01,  2.407144532738E-02,  6.863406849125E-03,  9.243586816563E-01, -7.506836494156E+00,  7.802134216712E-01,  4.832007096786E-02,  3.058473550336E+00, -1.686424059758E+00,  4.327840893519E+00, -3.926171485529E-02,  1.097763455092E+00, -7.606818738367E+00,  1.011827343008E+00, -2.881986243292E-03 
                F16,  7.600000000000E-01,  1.000000000000E-02,  3.495580426469E+02,  1.054466129901E+00,  2.271228771403E+01,  3.483640669456E-01, -1.239937572731E-01,  8.180713010338E-02,  2.660472516740E+02,  2.224861410166E-01, -9.988728297345E+02,  9.863976658982E-01,  1.625460552282E-01,  2.340204839507E-02,  7.125220793100E-03,  9.540133718752E-01, -7.523267397234E+00,  8.219253987675E-01,  4.792759617482E-02,  2.861804816882E+00, -1.593119770000E+00,  4.001862031568E+00, -3.923192086375E-02,  1.116875864019E+00, -7.617763791218E+00,  1.031202751087E+00, -2.961398994972E-03 
                F16,  7.700000000000E-01,  1.000000000000E-02,  3.495823063049E+02,  9.536105662069E-01,  2.246439649206E+01,  3.382280355756E-01, -1.224376473324E-01,  8.132878784425E-02,  2.695496114027E+02,  2.356511522328E-01, -9.988068050024E+02,  9.861284611732E-01,  1.642527587820E-01,  2.274024007375E-02,  7.387203675318E-03,  9.817722460693E-01, -7.538790066684E+00,  8.604065681626E-01,  4.753544975521E-02,  2.679890102030E+00, -1.505136559275E+00,  3.683485402106E+00, -3.919607167724E-02,  1.134548458989E+00, -7.628096295170E+00,  1.048089665615E+00, -3.040791834751E-03 
                F16,  7.800000000000E-01,  1.000000000000E-02,  3.496059226718E+02,  8.527004047350E-01,  2.222341364179E+01,  3.282809464890E-01, -1.208780692454E-01,  8.081391691756E-02,  2.730520084411E+02,  2.492266874268E-01, -9.987386647044E+02,  9.858639903192E-01,  1.659092785791E-01,  2.208607321537E-02,  7.649133490068E-03,  1.007771433831E+00, -7.553455986001E+00,  8.957363051557E-01,  4.714369132512E-02,  2.510461992809E+00, -1.422111466197E+00,  3.373301003600E+00, -3.915435375859E-02,  1.150844160301E+00, -7.637853797318E+00,  1.062568859727E+00, -3.120164914449E-03 
                F16,  7.900000000000E-01,  1.000000000000E-02,  3.496289096759E+02,  7.519350667622E-01,  2.198927866511E+01,  3.185221894574E-01, -1.193161939124E-01,  8.026420247139E-02,  2.765544411313E+02,  2.632144713436E-01, -9.986683935119E+02,  9.856043625418E-01,  1.675165772199E-01,  2.143959385798E-02,  7.910797068886E-03,  1.032126087251E+00, -7.567313240310E+00,  9.279991223402E-01,  4.675237865713E-02,  2.351590685614E+00, -1.343727888704E+00,  3.071749810571E+00, -3.910694936403E-02,  1.165820506131E+00, -7.647071744397E+00,  1.074721115721E+00, -3.199520065834E-03 
                F16,  8.000000000000E-01,  1.000000000000E-02,  3.496512852512E+02,  6.515048766841E-01,  2.176192824529E+01,  3.089508233135E-01, -1.177531174283E-01,  7.968130484419E-02,  2.800569078023E+02,  2.776161389849E-01, -9.985959766986E+02,  9.853496743825E-01,  1.690756125613E-01,  2.080084158696E-02,  8.171990001541E-03,  1.054933589820E+00, -7.580406941652E+00,  9.572832851131E-01,  4.636156772173E-02,  2.201649988047E+00, -1.269707992277E+00,  2.779144865798E+00, -3.905403666433E-02,  1.179530516558E+00, -7.655783618035E+00,  1.084626963515E+00, -3.278860703296E-03 
                F16,  8.100000000000E-01,  1.000000000000E-02,  3.496730672971E+02,  5.515911905312E-01,  2.154129656363E+01,  2.995656384226E-01, -1.161898657043E-01,  7.906685937804E-02,  2.835594067725E+02,  2.924332422784E-01, -9.985214001303E+02,  9.851000104269E-01,  1.705873362174E-01,  2.016984987428E-02,  8.432516544395E-03,  1.076276428099E+00, -7.592779583215E+00,  9.836796303679E-01,  4.597131272763E-02,  2.059284060680E+00, -1.199806092901E+00,  2.495690763544E+00, -3.899578986113E-02,  1.192023423492E+00, -7.664021055791E+00,  1.092366465369E+00, -3.358191728270E-03 
                F16,  8.200000000000E-01,  1.000000000000E-02,  3.496942736405E+02,  4.523665400194E-01,  2.132731559298E+01,  2.903652087234E-01, -1.146273986646E-01,  7.842247624318E-02,  2.870619363526E+02,  3.076672563678E-01, -9.984446502537E+02,  9.848554439671E-01,  1.720526923486E-01,  1.954664639804E-02,  8.692189518618E-03,  1.096224736258E+00, -7.604471331991E+00,  1.007280571571E+00,  4.558166616086E-02,  1.923375409837E+00, -1.133802957542E+00,  2.221501399634E+00, -3.893237929862E-02,  1.203345280911E+00, -7.671813960196E+00,  1.098019039657E+00, -3.437519435634E-03 
                F16,  8.300000000000E-01,  1.000000000000E-02,  3.497149220015E+02,  3.539947889626E-01,  2.111991536974E+01,  2.813479346553E-01, -1.130666140817E-01,  7.774974025883E-02,  2.905644948475E+02,  3.233195855386E-01, -9.983657140867E+02,  9.846160376230E-01,  1.734726166896E-01,  1.893125334417E-02,  8.950830200230E-03,  1.114838528097E+00, -7.615520268712E+00,  1.028179272528E+00,  4.519267882284E-02,  1.793014523995E+00, -1.071500954661E+00,  1.956615929715E+00, -3.886397157063E-02,  1.213539469305E+00, -7.679190597700E+00,  1.101663317315E+00, -3.516851422232E-03 
                F16,  8.400000000000E-01,  1.000000000000E-02,  3.497350299601E+02,  2.566312994054E-01,  2.091902424593E+01,  2.725120782045E-01, -1.115083511062E-01,  7.705021070001E-02,  2.940670805587E+02,  3.393915687952E-01, -9.982845792069E+02,  9.843818439263E-01,  1.748480357746E-01,  1.832368769168E-02,  9.208268203550E-03,  1.132169634556E+00, -7.625962583196E+00,  1.046468971835E+00,  4.480439986735E-02,  1.667471441657E+00, -1.012719980844E+00,  1.701012931658E+00, -3.879072962345E-02,  1.222647107639E+00, -7.686177689190E+00,  1.103377025463E+00, -3.596196497696E-03 
                F16,  8.500000000000E-01,  1.000000000000E-02,  3.497546149271E+02,  1.604231052827E-01,  2.072456912267E+01,  2.638557912021E-01, -1.099533935376E-01,  7.632542108406E-02,  2.975696917870E+02,  3.558844851051E-01, -9.982012337424E+02,  9.841529058711E-01,  1.761798663227E-01,  1.772396148298E-02,  9.464341359274E-03,  1.148263367125E+00, -7.635832732507E+00,  1.062242440219E+00,  4.441687683648E-02,  1.546169447083E+00, -9.572940864294E-01,  1.454622812381E+00, -3.871281285435E-02,  1.230707385305E+00, -7.692800493474E+00,  1.103236893444E+00, -3.675564597705E-03 
                F16,  8.600000000000E-01,  1.000000000000E-02,  3.497736941162E+02,  6.550909180261E-02,  2.053647566626E+01,  2.553771379089E-01, -1.084024728753E-01,  7.557687893415E-02,  3.010723268340E+02,  3.727995583292E-01, -9.981156663609E+02,  9.839292574344E-01,  1.774690147512E-01,  1.713208208021E-02,  9.718895588119E-03,  1.163159929113E+00, -7.645163568502E+00,  1.075591553525E+00,  4.403015569571E-02,  1.428661011669E+00, -9.050687223677E-01,  1.217338534077E+00, -3.863037720614E-02,  1.237757825683E+00, -7.699082884888E+00,  1.101318577212E+00, -3.754966699786E-03 
                F16,  8.700000000000E-01,  1.000000000000E-02,  3.497922845184E+02, -2.797982092676E-02,  2.035466850792E+01,  2.470741128201E-01, -1.068562711820E-01,  7.480606551964E-02,  3.045749840042E+02,  3.901379618523E-01, -9.980278662602E+02,  9.837109240708E-01,  1.787163767925E-01,  1.654805240857E-02,  9.971784770740E-03,  1.176895597591E+00, -7.653986440632E+00,  1.086606965046E+00,  4.364428086795E-02,  1.314606032072E+00, -8.558985319915E-01,  9.890247609503E-01, -3.854357525774E-02,  1.243834491951E+00, -7.705047426007E+00,  1.097696598673E+00, -3.834414741736E-03 
                F16,  8.800000000000E-01,  1.000000000000E-02,  3.498104028792E+02, -1.199204912302E-01,  2.017907142813E+01,  2.389446545226E-01, -1.053154237865E-01,  7.401443557559E-02,  3.080776616074E+02,  4.079008229353E-01, -9.979378231581E+02,  9.834979231825E-01,  1.799228371911E-01,  1.597187118739E-02,  1.022287061446E-02,  1.189503699020E+00, -7.662331279052E+00,  1.095377861953E+00,  4.325929526677E-02,  1.203752360760E+00, -8.096456144053E-01,  7.695255459114E-01, -3.845255631112E-02,  1.248972144785E+00, -7.710715436216E+00,  1.092444297113E+00, -3.913921542746E-03 
                F16,  8.900000000000E-01,  1.000000000000E-02,  3.498280656772E+02, -2.101973671367E-01,  2.000960752659E+01,  2.309866563409E-01, -1.037805218458E-01,  7.320341700501E-02,  3.115803579598E+02,  4.260892268015E-01, -9.978455272829E+02,  9.832902645690E-01,  1.810892694634E-01,  1.540353314970E-02,  1.047202251720E-02,  1.201015401305E+00, -7.670226662425E+00,  1.101991791870E+00,  4.287524032874E-02,  1.095918579439E+00, -7.661781903921E-01,  5.586706884061E-01, -3.835746647456E-02,  1.253204360631E+00, -7.716107056782E+00,  1.085633790338E+00, -3.993500727248E-03 
                F16,  9.000000000000E-01,  1.000000000000E-02,  3.498452891052E+02, -2.987022963795E-01,  1.984619937841E+01,  2.231979744125E-01, -1.022521147838E-01,  7.237441056898E-02,  3.150830713862E+02,  4.447042204784E-01, -9.977509693633E+02,  9.830879508567E-01,  1.822165357058E-01,  1.484302925078E-02,  1.071911742887E-02,  1.211460344337E+00, -7.677699874116E+00,  1.106534546993E+00,  4.249215604495E-02,  9.909789299348E-01, -7.253696067667E-01,  3.562809005317E-01, -3.825844874248E-02,  1.256563618197E+00, -7.721241312895E+00,  1.077335943628E+00, -4.073166651522E-03 
                F16,  9.100000000000E-01,  1.000000000000E-02,  3.498620890526E+02, -3.853343357635E-01,  1.968876917746E+01,  2.155764337495E-01, -1.007307126197E-01,  7.152878957019E-02,  3.185858002218E+02,  4.637468164076E-01, -9.976541406197E+02,  9.828909779121E-01,  1.833054864389E-01,  1.429034686635E-02,  1.096403971051E-02,  1.220867130078E+00, -7.684776949867E+00,  1.109090094503E+00,  4.211008099180E-02,  8.888502895328E-01, -6.870976206585E-01,  1.621719198556E-01, -3.815564307204E-02,  1.259081359911E+00, -7.726136173053E+00,  1.067620344909E+00, -4.152934333050E-03 
                F16,  9.200000000000E-01,  1.000000000000E-02,  3.498784810901E+02, -4.699995604174E-01,  1.953723886752E+01,  2.081198327576E-01, -9.921678819445E-02,  7.066789953599E-02,  3.220885428133E+02,  4.832179958395E-01, -9.975550327544E+02,  9.826993352387E-01,  1.843569604807E-01,  1.374546998073E-02,  1.120668099122E-02,  1.229263691984E+00, -7.691482719481E+00,  1.109740543432E+00,  4.172905236097E-02,  7.894810576085E-01, -6.512439110291E-01, -2.384229522738E-02, -3.804918645652E-02,  1.260788034150E+00, -7.730808606054E+00,  1.056555284937E+00, -4.232819382614E-03 
                F16,  9.300000000000E-01,  1.000000000000E-02,  3.498944804560E+02, -5.526108733487E-01,  1.939153026185E+01,  2.008259466113E-01, -9.771077930385E-02,  6.979305790708E-02,  3.255912975206E+02,  5.031187120277E-01, -9.974536379426E+02,  9.825130063588E-01,  1.853717848390E-01,  1.320837936551E-02,  1.144694002312E-02,  1.236677562199E+00, -7.697840844559E+00,  1.108566139458E+00,  4.134910598875E-02,  6.928418065915E-01, -6.176937706392E-01, -2.019471573419E-01, -3.793921299569E-02,  1.261713123227E+00, -7.735274635799E+00,  1.044207741481E+00, -4.312837939108E-03 
                F16,  9.400000000000E-01,  1.000000000000E-02,  3.499101020441E+02, -6.330878156427E-01,  1.925156515201E+01,  1.936925298161E-01, -9.621309074230E-02,  6.890555373766E-02,  3.290940627182E+02,  5.234498932365E-01, -9.973499488231E+02,  9.823319691829E-01,  1.863507746210E-01,  1.267905274909E-02,  1.168472253448E-02,  1.243136053391E+00, -7.703873853867E+00,  1.105645280370E+00,  4.097027638458E-02,  5.989175421133E-01, -5.863359374909E-01, -3.723257067554E-01, -3.782585396330E-02,  1.261885161325E+00, -7.739549394017E+00,  1.030643366780E+00, -4.393006607019E-03 
                F16,  9.500000000000E-01,  1.000000000000E-02,  3.499253603931E+02, -7.113563775878E-01,  1.911726540632E+01,  1.867173182250E-01, -9.472409626118E-02,  6.800664741258E-02,  3.325968367966E+02,  5.442124455743E-01, -9.972439584899E+02,  9.821561963646E-01,  1.872947329549E-01,  1.215746497755E-02,  1.191994108093E-02,  1.248666370541E+00, -7.709603177575E+00,  1.101054546123E+00,  4.059259675902E-02,  5.077014136310E-01, -5.570625303782E-01, -5.351574197648E-01, -3.770923787187E-02,  1.261331745847E+00, -7.743647171009E+00,  1.015926477655E+00, -4.473342396540E-03 
                F16,  9.600000000000E-01,  1.000000000000E-02,  3.499402696778E+02, -7.873488109595E-01,  1.898855305878E+01,  1.798980307265E-01, -9.324414044411E-02,  6.709757038657E-02,  3.360996181636E+02,  5.654072556654E-01, -9.971356604833E+02,  9.819856556435E-01,  1.882044509214E-01,  1.164358816714E-02,  1.215251489518E-02,  1.253295666415E+00, -7.715049181220E+00,  1.094868738504E+00,  4.021609905104E-02,  4.191897171936E-01, -5.297690584715E-01, -6.906174662603E-01, -3.758949053475E-02,  1.260079545016E+00, -7.747581464445E+00,  1.000120047876E+00, -4.553862666242E-03 
                F16,  9.700000000000E-01,  1.000000000000E-02,  3.499548437010E+02, -8.610034426622E-01,  1.886535038884E+01,  1.732323707690E-01, -9.177354050061E-02,  6.617952494975E-02,  3.396024052451E+02,  5.870351931707E-01, -9.970250487811E+02,  9.818203101770E-01,  1.890807074941E-01,  1.113739184879E-02,  1.238236973512E-02,  1.257051052874E+00, -7.720231200035E+00,  1.087160926355E+00,  3.984081395474E-02,  3.333780355495E-01, -5.043544797864E-01, -8.388763248280E-01, -3.746673512577E-02,  1.258154303977E+00, -7.751365026237E+00,  9.832857024392E-01, -4.634585068264E-03 
                F16,  9.800000000000E-01,  1.000000000000E-02,  3.499690958881E+02, -9.322644898990E-01,  1.874757999281E+01,  1.667180278500E-01, -9.031258797918E-02,  6.525368402313E-02,  3.431051964866E+02,  6.090971131683E-01, -9.969121177903E+02,  9.816601188583E-01,  1.899242694882E-01,  1.063884310515E-02,  1.260943773055E-02,  1.259959578633E+00, -7.725167574007E+00,  1.078002493212E+00,  3.946677094542E-02,  2.502583668527E-01, -4.807212878922E-01, -9.800996748198E-01, -3.734109223641E-02,  1.255580851132E+00, -7.755009907490E+00,  9.654837135164E-01, -4.715527495936E-03 
                F16,  9.900000000000E-01,  1.000000000000E-02,  3.499830392813E+02, -1.001081877017E+00,  1.863516484721E+01,  1.603526790596E-01, -8.886155040037E-02,  6.432119098708E-02,  3.466079903543E+02,  6.315938584029E-01, -9.967968623388E+02,  9.815050366243E-01,  1.907358915174E-01,  1.014790670029E-02,  1.283365722876E-02,  1.262048182674E+00, -7.729875683870E+00,  1.067463184937E+00,  3.909399830512E-02,  1.698171012120E-01, -4.587756102785E-01, -1.114448495684E+00, -3.721267993079E-02,  1.252383106024E+00, -7.758527501512E+00,  9.467729979255E-01, -4.796708033776E-03 
                F16,  1.000000000000E+00,  1.000000000000E-02,  3.499966865364E+02, -1.067411054161E+00,  1.852802836488E+01,  1.541339907417E-01, -8.742067281052E-02,  6.338315954483E-02,  3.501107853357E+02,  6.545262614132E-01, -9.966792776673E+02,  9.813550147511E-01,  1.915163159584E-01,  9.664545202604E-03,  1.305497263893E-02,  1.263343631117E+00, -7.734371988072E+00,  1.055611155577E+00,  3.872252314770E-02,  9.203371372183E-02, -4.384273054137E-01, -1.242079314251E+00, -3.708161379839E-02,  1.248584089670E+00, -7.761928584889E+00,  9.272111159844E-01, -4.878144909793E-03 
