parameter,independent_variables,3
elevator[deg],alpha[deg],beta[deg],Cx,Cy,Cz,Cl,Cm,Cn
-25,-20,-30,-0.1042,0.3692,1.286,-0.0112,0.2003,-0.0623
-25,-20,-25,-0.1077,0.2991,1.378,-0.0077,0.1777,-0.0642
-25,-20,-20,-0.1093,0.2417,1.387,-0.0034,0.1822,-0.053
-25,-20,-15,-0.1059,0.1692,1.431,0.0076,0.1082,-0.0507
-25,-20,-10,-0.1049,0.1078,1.526,0.0184,0.112,-0.0252
-25,-20,-8,-0.103,0.0874,1.51,0.0199,0.1111,-0.0156
-25,-20,-6,-0.1053,0.0837,1.465,0.0121,0.1202,-0.0104
-25,-20,-4,-0.1063,0.0572,1.434,0.0102,0.113,-0.0041
-25,-20,-2,-0.1102,0.026,1.475,0.0107,0.1078,-0.0011
-25,-20,0,-0.1116,0,1.455,0,0.112,0
-25,-20,2,-0.1122,-0.0258,1.462,-0.0077,0.1199,-0.0002
-25,-20,4,-0.1112,-0.0592,1.452,-0.0134,0.1252,-0.0042
-25,-20,6,-0.1106,-0.0863,1.477,-0.018,0.1336,-0.0012
-25,-20,8,-0.1085,-0.1209,1.481,-0.0162,0.1389,0.0072
-25,-20,10,-0.1044,-0.1504,1.439,-0.0128,0.1362,0.0142
-25,-20,15,-0.1054,-0.2106,1.317,-0.004,0.1327,0.0392
-25,-20,20,-0.1088,-0.2836,1.286,0.0074,0.207,0.0411
-25,-20,25,-0.1072,-0.3396,1.253,0.012,0.2024,0.0523
-25,-20,30,-0.1037,-0.4106,1.205,-0.0046,0.2237,0.0501
-25,-15,-30,-0.1022,0.4368,1.051,0.0024,0.151,-0.0738
-25,-15,-25,-0.104,0.3797,1.136,0.0045,0.1355,-0.078
-25,-15,-20,-0.1026,0.3249,1.186,0.0094,0.1402,-0.0656
-25,-15,-15,-0.102,0.2636,1.234,0.01297,0.1343,-0.0491
-25,-15,-10,-0.1011,0.1826,1.219,0.0089,0.1071,-0.0291
-25,-15,-8,-0.1025,0.1456,1.208,0.0071,0.113,-0.0236
-25,-15,-6,-0.1054,0.1068,1.208,0.0092,0.111,-0.0144
-25,-15,-4,-0.1059,0.0701,1.211,0.0106,0.1197,-0.0079
-25,-15,-2,-0.1092,0.0336,1.23,0.0055,0.1269,-0.003
-25,-15,0,-0.109,0,1.247,0,0.1327,0
-25,-15,2,-0.1109,-0.0337,1.244,-0.0045,0.1327,0.0036
-25,-15,4,-0.1085,-0.0702,1.22,-0.0081,0.1276,0.0095
-25,-15,6,-0.1066,-0.11,1.226,-0.0105,0.1194,0.0166
-25,-15,8,-0.1035,-0.15,1.228,-0.0104,0.109,0.0259
-25,-15,10,-0.1021,-0.1902,1.215,-0.0076,0.0992,0.0326
-25,-15,15,-0.103,-0.2712,1.241,-0.0109,0.1266,0.0512
-25,-15,20,-0.1036,-0.3332,1.183,-0.0066,0.1326,0.0681
-25,-15,25,-0.105,-0.3882,1.131,-0.0023,0.1275,0.0811
-25,-15,30,-0.1032,-0.4452,1.053,0.0001,0.1485,0.0771
-25,-10,-30,-0.0973,0.5,0.789,-0.0012,0.1335,-0.0792
-25,-10,-25,-0.1024,0.4441,0.824,0.0047,0.1418,-0.0724
-25,-10,-20,-0.1049,0.3671,0.837,0.0078,0.1627,-0.0577
-25,-10,-15,-0.1045,0.2896,0.849,0.0068,0.1501,-0.048
-25,-10,-10,-0.1008,0.1871,0.883,0.0055,0.1407,-0.0315
-25,-10,-8,-0.1005,0.1475,0.8998,0.002,0.1462,-0.0223
-25,-10,-6,-0.1014,0.1096,0.933,0.0023,0.1549,-0.0171
-25,-10,-4,-0.1041,0.0757,0.951,0.0002,0.1673,-0.0085
-25,-10,-2,-0.1073,0.0377,0.947,0.0016,0.1776,-0.0015
-25,-10,0,-0.1029,0,0.958,0,0.1968,0
-25,-10,2,-0.1059,-0.0339,0.934,-0.0046,0.1706,0.0088
-25,-10,4,-0.1027,-0.0708,0.912,-0.0037,0.1548,0.0162
-25,-10,6,-0.1012,-0.1108,0.907,-0.0058,0.1445,0.0237
-25,-10,8,-0.1013,-0.1513,0.894,-0.0065,0.1358,0.0325
-25,-10,10,-0.0993,-0.1949,0.877,-0.0082,0.1347,0.0405
-25,-10,15,-0.103,-0.2978,0.839,-0.0092,0.1417,0.0571
-25,-10,20,-0.1034,-0.3758,0.823,-0.0039,0.155,0.0665
-25,-10,25,-0.1009,-0.4528,0.825,-0.0002,0.1362,0.0735
-25,-10,30,-0.0958,-0.5078,0.789,0.0054,0.1277,0.0874
-25,-5,-30,-0.0753,0.5683,0.367,0.0317,0.1854,-0.0829
-25,-5,-25,-0.0788,0.4913,0.361,0.0194,0.1817,-0.08
-25,-5,-20,-0.0802,0.3913,0.381,0.0151,0.1686,-0.0728
-25,-5,-15,-0.0805,0.2943,0.377,0.012,0.1679,-0.0511
-25,-5,-10,-0.083,0.1926,0.403,0.0088,0.1752,-0.039
-25,-5,-8,-0.0833,0.149,0.402,0.0061,0.1749,-0.0294
-25,-5,-6,-0.0838,0.1125,0.412,0.004,0.1746,-0.0244
-25,-5,-4,-0.0836,0.0723,0.41,0.0014,0.1685,-0.0138
-25,-5,-2,-0.085,0.0369,0.438,-0.0001,0.1628,-0.0067
-25,-5,0,-0.0844,0,0.43,0,0.1573,0
-25,-5,2,-0.0841,-0.0363,0.422,-0.0011,0.1568,0.0058
-25,-5,4,-0.0841,-0.0765,0.411,-0.0021,0.1607,0.0129
-25,-5,6,-0.0839,-0.1169,0.406,-0.0041,0.1632,0.0209
-25,-5,8,-0.0842,-0.1644,0.41,-0.0056,0.1657,0.0321
-25,-5,10,-0.0831,-0.2132,0.409,-0.0089,0.1687,0.0424
-25,-5,15,-0.0816,-0.3148,0.389,-0.0122,0.1624,0.0549
-25,-5,20,-0.0813,-0.4118,0.374,-0.0155,0.161,0.0772
-25,-5,25,-0.0799,-0.513,0.365,-0.0198,0.1737,0.0829
-25,-5,30,-0.0764,-0.5889,0.367,-0.022,0.1792,0.0866
-25,0,-30,-0.0688,0.6293,0.12,0.0357,0.1807,-0.0997
-25,0,-25,-0.0753,0.5313,0.101,0.0327,0.1754,-0.0882
-25,0,-20,-0.0782,0.4173,0.095,0.0287,0.184,-0.08
-25,0,-15,-0.0813,0.3053,0.075,0.0222,0.1859,-0.0543
-25,0,-10,-0.0838,0.2024,0.073,0.0172,0.1846,-0.0382
-25,0,-8,-0.0832,0.1582,0.085,0.0132,0.1843,-0.0282
-25,0,-6,-0.0835,0.1116,0.075,0.01,0.1783,-0.0189
-25,0,-4,-0.0834,0.0729,0.081,0.0064,0.1755,-0.0115
-25,0,-2,-0.0842,0.0374,0.079,0.0031,0.1746,-0.0049
-25,0,0,-0.0845,0,0.08,0,0.174,0
-25,0,2,-0.0842,-0.0374,0.081,-0.0032,0.1744,0.006
-25,0,4,-0.0832,-0.0776,0.075,-0.0066,0.1743,0.013
-25,0,6,-0.0823,-0.1223,0.072,-0.0101,0.1731,0.0217
-25,0,8,-0.0825,-0.1712,0.065,-0.0138,0.1759,0.0318
-25,0,10,-0.0819,-0.2158,0.057,-0.0169,0.1765,0.0408
-25,0,15,-0.081,-0.3196,0.06,-0.0219,0.1812,0.0563
-25,0,20,-0.0779,-0.4308,0.082,-0.0284,0.1799,0.0719
-25,0,25,-0.0742,-0.5443,0.07,-0.0324,0.175,0.0915
-25,0,30,-0.0685,-0.6426,0.097,-0.0354,0.1746,0.1045
-25,5,-30,-0.0531,0.6397,-0.132,0.0462,0.1611,-0.1021
-25,5,-25,-0.0577,0.5367,-0.162,0.0391,0.1898,-0.0785
-25,5,-20,-0.0616,0.4267,-0.205,0.0386,0.1906,-0.0665
-25,5,-15,-0.0649,0.3097,-0.234,0.0325,0.192,-0.0507
-25,5,-10,-0.0621,0.2042,-0.245,0.0269,0.1948,-0.0347
-25,5,-8,-0.0625,0.163,-0.239,0.0217,0.1954,-0.0275
-25,5,-6,-0.0636,0.1174,-0.237,0.0159,0.1949,-0.0191
-25,5,-4,-0.0647,0.0775,-0.24,0.0107,0.194,-0.0116
-25,5,-2,-0.0652,0.0394,-0.243,0.0055,0.1952,-0.0047
-25,5,0,-0.066,0,-0.25,0,0.195,0
-25,5,2,-0.0647,-0.0352,-0.246,-0.0059,0.1958,0.0057
-25,5,4,-0.0643,-0.0785,-0.247,-0.0113,0.1961,0.0133
-25,5,6,-0.0628,-0.1189,-0.247,-0.0161,0.1953,0.0208
-25,5,8,-0.0619,-0.1689,-0.248,-0.0221,0.1947,0.0302
-25,5,10,-0.0618,-0.215,-0.246,-0.0271,0.1946,0.0385
-25,5,15,-0.0631,-0.3218,-0.229,-0.0346,0.1931,0.0548
-25,5,20,-0.0602,-0.4364,-0.206,-0.0406,0.1905,0.0706
-25,5,25,-0.056,-0.5448,-0.15,-0.0413,0.1872,0.0821
-25,5,30,-0.0505,-0.6496,-0.129,-0.048,0.1792,0.1065
-25,10,-30,-0.0353,0.6132,-0.359,0.0537,0.1724,-0.0926
-25,10,-25,-0.0495,0.5192,-0.404,0.0511,0.1872,-0.0758
-25,10,-20,-0.0441,0.4302,-0.469,0.0474,0.1944,-0.0644
-25,10,-15,-0.047,0.3142,-0.496,0.038,0.2064,-0.049
-25,10,-10,-0.0446,0.208,-0.52,0.0281,0.2114,-0.0366
-25,10,-8,-0.0453,0.1631,-0.556,0.0227,0.2129,-0.0284
-25,10,-6,-0.0455,0.1187,-0.561,0.0166,0.2143,-0.0204
-25,10,-4,-0.048,0.0784,-0.568,0.0108,0.2178,-0.0133
-25,10,-2,-0.0509,0.037,-0.559,0.0057,0.2244,-0.0056
-25,10,0,-0.0511,0,-0.554,0,0.2266,0
-25,10,2,-0.0517,-0.0378,-0.552,-0.0051,0.2271,0.0055
-25,10,4,-0.05,-0.0774,-0.546,-0.0121,0.2257,0.0134
-25,10,6,-0.0477,-0.1228,-0.537,-0.0187,0.2253,0.0228
-25,10,8,-0.0462,-0.1664,-0.539,-0.0243,0.2238,0.0307
-25,10,10,-0.0456,-0.2153,-0.536,-0.0299,0.2197,0.0389
-25,10,15,-0.048,-0.3196,-0.504,-0.0389,0.216,0.0512
-25,10,20,-0.0451,-0.4353,-0.483,-0.0488,0.2032,0.0671
-25,10,25,-0.0433,-0.5237,-0.421,-0.0521,0.1956,0.0785
-25,10,30,-0.0363,-0.6177,-0.374,-0.0547,0.1801,0.0948
-25,15,-30,-0.0281,0.5416,-0.638,0.0467,0.1658,-0.0796
-25,15,-25,-0.0319,0.4876,-0.684,0.0453,0.1943,-0.0696
-25,15,-20,-0.0348,0.4126,-0.758,0.0441,0.2165,-0.0591
-25,15,-15,-0.0359,0.3066,-0.805,0.0414,0.2353,-0.0483
-25,15,-10,-0.0326,0.2023,-0.835,0.0303,0.2536,-0.0378
-25,15,-8,-0.0317,0.1576,-0.845,0.0245,0.2552,-0.0282
-25,15,-6,-0.0296,0.1168,-0.8464,0.017,0.2608,-0.0201
-25,15,-4,-0.0288,0.0718,-0.889,0.0111,0.2676,-0.0128
-25,15,-2,-0.0309,0.0377,-0.882,0.0053,0.2731,-0.0052
-25,15,0,-0.0311,0,-0.883,0,0.2817,0
-25,15,2,-0.0319,-0.0368,-0.877,-0.0055,0.2808,0.0047
-25,15,4,-0.031,-0.0784,-0.865,-0.0118,0.2778,0.0131
-25,15,6,-0.0309,-0.1194,-0.861,-0.0189,0.2676,0.0212
-25,15,8,-0.0321,-0.1636,-0.845,-0.0246,0.2589,0.0295
-25,15,10,-0.0321,-0.2096,-0.843,-0.0307,0.2545,0.0385
-25,15,15,-0.0354,-0.3143,-0.819,-0.037,0.2358,0.0472
-25,15,20,-0.0343,-0.4223,-0.758,-0.0401,0.2146,0.0599
-25,15,25,-0.0314,-0.4947,-0.67,-0.042,0.1944,0.0698
-25,15,30,-0.0276,-0.5499,-0.616,-0.0433,0.166,0.0704
-25,20,-30,-0.0278,0.475,-0.861,0.0346,0.1133,-0.0352
-25,20,-25,-0.031,0.375,-0.918,0.0228,0.1559,-0.0206
-25,20,-20,-0.0268,0.295,-0.963,0.0252,0.1878,-0.0173
-25,20,-15,-0.0239,0.23,-1.054,0.0181,0.2004,-0.0185
-25,20,-10,-0.0168,0.1576,-1.091,0.0159,0.2243,-0.0167
-25,20,-8,-0.0175,0.1254,-1.091,0.0164,0.2323,-0.0128
-25,20,-6,-0.0151,0.0919,-1.09,0.0109,0.2345,-0.0048
-25,20,-4,-0.0137,0.059,-1.075,0.0072,0.2358,-0.0044
-25,20,-2,-0.0105,0.0282,-1.091,0.0022,0.2333,-0.0013
-25,20,0,-0.0111,0,-1.106,0,0.2333,0
-25,20,2,-0.0086,-0.0313,-1.114,-0.0076,0.2321,-0.001
-25,20,4,-0.0119,-0.067,-1.119,-0.012,0.2348,0.004
-25,20,6,-0.0141,-0.1023,-1.113,-0.0197,0.2381,0.0106
-25,20,8,-0.0137,-0.1374,-1.118,-0.0187,0.2434,0.0155
-25,20,10,-0.0159,-0.171,-1.146,-0.0211,0.2343,0.0193
-25,20,15,-0.023,-0.2452,-1.106,-0.0223,0.211,0.0209
-25,20,20,-0.0259,-0.3089,-1.002,-0.0295,0.1976,0.0199
-25,20,25,-0.0283,-0.3869,-0.952,-0.0268,0.1602,0.0234
-25,20,30,-0.0269,-0.488,-0.917,-0.038,0.1227,0.0374
-25,25,-30,-0.0037,0.4878,-1.109,0.0757,0.075,-0.0302
-25,25,-25,-0.0071,0.3708,-1.202,0.0501,0.1115,-0.0148
-25,25,-20,-0.01,0.2508,-1.25,0.0333,0.1582,0.0043
-25,25,-15,-0.0102,0.1578,-1.286,0.0198,0.1833,0.0164
-25,25,-10,-0.0031,0.1176,-1.344,0.023,0.1917,0.0026
-25,25,-8,-0.0006,0.1174,-1.368,0.0208,0.1919,-0.0021
-25,25,-6,0.0012,0.0893,-1.407,0.0182,0.1951,-0.0004
-25,25,-4,0.0057,0.0585,-1.433,0.0114,0.1953,0.0006
-25,25,-2,0.0072,0.0286,-1.433,0.0068,0.1954,0.0001
-25,25,0,0.0089,0,-1.438,0,0.203,0
-25,25,2,0.0086,-0.0301,-1.434,-0.0065,0.1999,-0.0012
-25,25,4,0.006,-0.0566,-1.432,-0.0137,0.1984,-0.0003
-25,25,6,0.0053,-0.0925,-1.418,-0.0188,0.1954,0.0007
-25,25,8,0.0029,-0.1126,-1.393,-0.0203,0.1924,-0.0006
-25,25,10,-0.0005,-0.1321,-1.369,-0.0268,0.1903,-0.0067
-25,25,15,-0.0077,-0.1714,-1.313,-0.0235,0.1813,-0.0207
-25,25,20,-0.0074,-0.2647,-1.261,-0.0366,0.1574,-0.0088
-25,25,25,-0.0045,-0.385,-1.203,-0.0546,0.1123,0.0101
-25,25,30,-0.0011,-0.5025,-1.135,-0.0673,0.0737,0.0257
-25,30,-30,0.0066,0.3436,-1.291,0.0675,0.1395,-0.0067
-25,30,-25,-0.0014,0.3226,-1.275,0.0556,0.0863,0.0106
-25,30,-20,-0.0078,0.2286,-1.324,0.0295,0.0993,0.03
-25,30,-15,-0.0078,0.1396,-1.397,0.0202,0.1407,0.0341
-25,30,-10,0.0005,0.0825,-1.446,0.0067,0.1611,0.0401
-25,30,-8,0.0082,0.0801,-1.508,0.0096,0.1555,0.0218
-25,30,-6,0.0138,0.0757,-1.546,0.0122,0.1563,0.0119
-25,30,-4,0.0172,0.0549,-1.583,0.0087,0.1596,0.0094
-25,30,-2,0.0191,0.0287,-1.596,0.0095,0.1591,0.0043
-25,30,0,0.02,0,-1.592,0,0.161,0
-25,30,2,0.0215,-0.0289,-1.605,-0.0072,0.1666,-0.0045
-25,30,4,0.0185,-0.0527,-1.584,-0.0101,0.1631,-0.0104
-25,30,6,0.0148,-0.0724,-1.546,-0.0105,0.1552,-0.0173
-25,30,8,0.012,-0.0939,-1.547,-0.009,0.1562,-0.0288
-25,30,10,0.0092,-0.1136,-1.523,-0.0128,0.1521,-0.0372
-25,30,15,-0.0001,-0.1694,-1.42,-0.0261,0.1345,-0.0449
-25,30,20,0.0009,-0.2589,-1.303,-0.0405,0.0943,-0.0385
-25,30,25,0.0073,-0.3511,-1.358,-0.0618,0.0818,-0.0048
-25,30,30,0.0153,-0.3742,-1.371,-0.0637,0.1314,0.0235
-25,35,-30,0.0293,0.2437,-1.559,0.0442,0.1242,0.0208
-25,35,-25,0.0307,0.2267,-1.599,0.0399,0.068,0.0537
-25,35,-20,0.0251,0.1757,-1.672,0.0485,0.0709,0.0713
-25,35,-15,0.024,0.1307,-1.7,0.0279,0.0604,0.0751
-25,35,-10,0.0277,0.0776,-1.747,0.0108,0.0894,0.0583
-25,35,-8,0.0263,0.0602,-1.721,0.002,0.0858,0.0594
-25,35,-6,0.0219,0.0535,-1.718,-0.005,0.1011,0.0513
-25,35,-4,0.0257,0.0407,-1.778,-0.0045,0.1168,0.0357
-25,35,-2,0.0315,0.0181,-1.798,-0.0086,0.1229,0.0195
-25,35,0,0.0363,0,-1.786,0,0.1268,0
-25,35,2,0.035,-0.0214,-1.761,0.0016,0.1253,-0.0097
-25,35,4,0.0357,-0.0537,-1.746,-0.0051,0.1194,-0.0149
-25,35,6,0.0337,-0.0808,-1.745,-0.0061,0.1218,-0.0256
-25,35,8,0.026,-0.1009,-1.702,-0.003,0.1063,-0.0386
-25,35,10,0.0228,-0.1226,-1.682,-0.0002,0.0861,-0.0539
-25,35,15,0.0191,-0.1766,-1.623,-0.0186,0.0584,-0.0699
-25,35,20,0.0202,-0.2208,-1.579,-0.039,0.0661,-0.0672
-25,35,25,0.0258,-0.2714,-1.543,-0.0303,0.0638,-0.0487
-25,35,30,0.0244,-0.2901,-1.491,-0.0348,0.1269,-0.0146
-25,40,-30,0.0423,0.1976,-1.568,0.0499,0.0564,0.029
-25,40,-25,0.0473,0.1776,-1.595,0.0467,-0.0189,0.047
-25,40,-20,0.0467,0.1566,-1.697,0.039,0.0149,0.0762
-25,40,-15,0.0477,0.1286,-1.744,0.0218,0.0324,0.0704
-25,40,-10,0.0512,0.0906,-1.814,0.0121,0.0623,0.0512
-25,40,-8,0.0502,0.0737,-1.873,0.0144,0.0866,0.0412
-25,40,-6,0.0412,0.0593,-1.757,0.0175,0.0898,0.0299
-25,40,-4,0.0486,0.0505,-1.877,0.0082,0.1062,0.0209
-25,40,-2,0.0491,0.0188,-1.909,0.0096,0.1125,0.0081
-25,40,0,0.0515,0,-1.913,0,0.1107,0
-25,40,2,0.0461,-0.0286,-1.782,-0.0076,0.0928,-0.0037
-25,40,4,0.0479,-0.0516,-1.864,-0.0135,0.0936,-0.0115
-25,40,6,0.048,-0.0737,-2.006,-0.0186,0.1061,-0.0172
-25,40,8,0.0436,-0.0938,-1.729,-0.0218,0.0584,-0.0269
-25,40,10,0.0416,-0.1132,-1.82,-0.0235,0.0628,-0.0382
-25,40,15,0.0381,-0.1503,-1.765,-0.0327,0.03,-0.0617
-25,40,20,0.0371,-0.1791,-1.698,-0.0502,0.0157,-0.0666
-25,40,25,0.0377,-0.1996,-1.588,-0.0579,-0.0177,-0.0377
-25,40,30,0.0327,-0.2195,-1.588,-0.0615,0.054,-0.0109
-25,45,-30,0.056,0.1741,-1.599,0.0544,0.0917,-0.0006
-25,45,-25,0.068,0.1251,-1.828,0.048,0.1016,-0.0021
-25,45,-20,0.0643,0.1201,-1.759,0.0364,0.0833,0.0317
-25,45,-15,0.0609,0.1321,-1.712,0.0292,0.0463,0.0365
-25,45,-10,0.0584,0.111,-1.706,0.0159,0.0676,0.0274
-25,45,-8,0.063,0.0854,-1.848,0.0119,0.08,0.0196
-25,45,-6,0.0592,0.055,-1.74,0.0056,0.0746,0.0106
-25,45,-4,0.0605,0.0339,-1.818,-0.0025,0.0772,0.0076
-25,45,-2,0.0564,0.0183,-1.695,-0.0059,0.0641,-0.0007
-25,45,0,0.0586,0,-1.882,0,0.0866,0
-25,45,2,0.0581,-0.0544,-1.868,-0.0128,0.0793,-0.0078
-25,45,4,0.0566,-0.0929,-1.872,-0.0098,0.0693,-0.035
-25,45,6,0.0523,-0.1312,-1.691,-0.0126,0.0334,-0.0446
-25,45,8,0.0573,-0.1581,-1.837,-0.0152,0.036,-0.0548
-25,45,10,0.0547,-0.1766,-1.817,-0.0186,0.0202,-0.0615
-25,45,15,0.0572,-0.1977,-1.812,-0.033,-0.0021,-0.0734
-25,45,20,0.0606,-0.1859,-1.777,-0.0392,0.0347,-0.0669
-25,45,25,0.0643,-0.19,-1.92,-0.0499,0.0518,-0.0335
-25,45,30,0.0523,-0.2385,-1.721,-0.0561,0.0395,-0.0345
-10,-20,-30,-0.0567,0.3692,1.241,-0.01678,0.1413,-0.05738
-10,-20,-25,-0.0575,0.2991,1.32,-0.01328,0.1112,-0.05946
-10,-20,-20,-0.0608,0.2417,1.34,-0.00592,0.1114,-0.04886
-10,-20,-15,-0.0546,0.1692,1.369,0.00586,0.0307,-0.04998
-10,-20,-10,-0.0474,0.1078,1.457,0.01636,0.0226,-0.02784
-10,-20,-8,-0.0446,0.0874,1.446,0.016,0.0174,-0.01872
-10,-20,-6,-0.0449,0.0837,1.392,0.00532,0.0232,-0.01454
-10,-20,-4,-0.0452,0.0572,1.365,0.00486,0.0211,-0.00764
-10,-20,-2,-0.0464,0.026,1.388,0.0059,0.0189,-0.00302
-10,-20,0,-0.0471,0,1.368,0,0.0234,0
-10,-20,2,-0.0469,-0.0258,1.383,-0.0038,0.026,0.00214
-10,-20,4,-0.0457,-0.0592,1.377,-0.00722,0.0305,0.00288
-10,-20,6,-0.0458,-0.0863,1.405,-0.01044,0.0356,0.00678
-10,-20,8,-0.0446,-0.1209,1.408,-0.00954,0.041,0.01404
-10,-20,10,-0.0443,-0.1504,1.381,-0.00836,0.0415,0.01954
-10,-20,15,-0.0515,-0.2106,1.278,0.00056,0.0497,0.04136
-10,-20,20,-0.0577,-0.2836,1.255,0.0125,0.1306,0.04002
-10,-20,25,-0.0544,-0.3396,1.222,0.02016,0.1303,0.05056
-10,-20,30,-0.0536,-0.4106,1.168,0.01598,0.1598,0.04812
-10,-15,-30,-0.0524,0.4368,1.003,-0.00264,0.0899,-0.0702
-10,-15,-25,-0.052,0.3797,1.074,-0.00072,0.0661,-0.07488
-10,-15,-20,-0.0469,0.3249,1.117,0.00334,0.0616,-0.06572
-10,-15,-15,-0.0401,0.2636,1.16,0.00717,0.0505,-0.05198
-10,-15,-10,-0.0371,0.1826,1.134,0.00392,0.0119,-0.03312
-10,-15,-8,-0.0367,0.1456,1.119,0.00272,0.0061,-0.02636
-10,-15,-6,-0.0372,0.1068,1.114,0.005,-0.0024,-0.018
-10,-15,-4,-0.0383,0.0701,1.11,0.00658,0.0017,-0.01072
-10,-15,-2,-0.0399,0.0336,1.122,0.00334,0.005,-0.00468
-10,-15,0,-0.0403,0,1.135,0,0.0071,0
-10,-15,2,-0.0396,-0.0337,1.133,-0.0027,0.0091,0.00486
-10,-15,4,-0.0396,-0.0702,1.126,-0.00504,0.0087,0.0113
-10,-15,6,-0.038,-0.11,1.129,-0.00654,0.0102,0.019
-10,-15,8,-0.0365,-0.15,1.137,-0.00584,0.0055,0.02764
-10,-15,10,-0.0364,-0.1902,1.131,-0.00322,0.0052,0.03488
-10,-15,15,-0.0394,-0.2712,1.162,-0.0058,0.0439,0.05282
-10,-15,20,-0.0462,-0.3332,1.114,-0.00126,0.0547,0.06672
-10,-15,25,-0.0513,-0.3882,1.07,0.0022,0.0593,0.07624
-10,-15,30,-0.0517,-0.4452,1.003,0.00436,0.0857,0.07182
-10,-10,-30,-0.046,0.5,0.751,-0.00534,0.0693,-0.07848
-10,-10,-25,-0.0463,0.4441,0.77,-0.00178,0.0582,-0.07534
-10,-10,-20,-0.0425,0.3671,0.773,0.00306,0.0672,-0.06082
-10,-10,-15,-0.0398,0.2896,0.781,0.0038,0.0479,-0.0525
-10,-10,-10,-0.0374,0.1871,0.797,0.00424,0.0264,-0.0348
-10,-10,-8,-0.038,0.1475,0.81,0.00212,0.022,-0.02626
-10,-10,-6,-0.0379,0.1096,0.837,0.00188,0.0244,-0.01992
-10,-10,-4,-0.0389,0.0757,0.846,0.00044,0.0293,-0.01192
-10,-10,-2,-0.0395,0.0377,0.844,0.00064,0.0338,-0.00468
-10,-10,0,-0.0389,0,0.848,0,0.0419,0
-10,-10,2,-0.0385,-0.0339,0.837,-0.00202,0.0309,0.00766
-10,-10,4,-0.0382,-0.0708,0.825,-0.00196,0.0241,0.01494
-10,-10,6,-0.0378,-0.1108,0.822,-0.00298,0.0202,0.02292
-10,-10,8,-0.037,-0.1513,0.813,-0.0038,0.018,0.03106
-10,-10,10,-0.0364,-0.1949,0.799,-0.00484,0.0211,0.03942
-10,-10,15,-0.0388,-0.2978,0.78,-0.0041,0.0422,0.05716
-10,-10,20,-0.0415,-0.3758,0.771,-0.00114,0.062,0.0653
-10,-10,25,-0.0453,-0.4528,0.775,0.00418,0.0539,0.0723
-10,-10,30,-0.045,-0.5078,0.756,0.00774,0.0649,0.0826
-10,-5,-30,-0.0257,0.5683,0.277,0.01904,0.0804,-0.08602
-10,-5,-25,-0.0262,0.4913,0.271,0.01388,0.0667,-0.08306
-10,-5,-20,-0.0272,0.3913,0.288,0.01228,0.0596,-0.0743
-10,-5,-15,-0.0259,0.2943,0.284,0.01098,0.0549,-0.0538
-10,-5,-10,-0.0276,0.1926,0.302,0.0091,0.0542,-0.03972
-10,-5,-8,-0.0282,0.149,0.303,0.00682,0.0544,-0.03024
-10,-5,-6,-0.0294,0.1125,0.308,0.00472,0.0537,-0.025
-10,-5,-4,-0.0298,0.0723,0.31,0.00236,0.0496,-0.01398
-10,-5,-2,-0.0302,0.0369,0.321,0.00068,0.0486,-0.0067
-10,-5,0,-0.0305,0,0.317,0,0.0433,0
-10,-5,2,-0.0301,-0.0363,0.314,-0.00104,0.0455,0.00634
-10,-5,4,-0.0294,-0.0765,0.306,-0.00246,0.0475,0.0138
-10,-5,6,-0.0288,-0.1169,0.302,-0.00428,0.0496,0.0224
-10,-5,8,-0.0287,-0.1644,0.301,-0.00614,0.05,0.03252
-10,-5,10,-0.0271,-0.2132,0.297,-0.00878,0.0504,0.04276
-10,-5,15,-0.0264,-0.3148,0.282,-0.01088,0.0521,0.05712
-10,-5,20,-0.0277,-0.4118,0.278,-0.01238,0.0556,0.07798
-10,-5,25,-0.0267,-0.513,0.266,-0.01404,0.0638,0.08548
-10,-5,30,-0.0262,-0.5889,0.27,-0.01516,0.0774,0.08942
-10,0,-30,-0.0264,0.6293,0.026,0.02856,0.0797,-0.10348
-10,0,-25,-0.0277,0.5313,0.007,0.027,0.0754,-0.09102
-10,0,-20,-0.0271,0.4173,0.001,0.02492,0.079,-0.07724
-10,0,-15,-0.0264,0.3053,-0.016,0.02112,0.0799,-0.0573
-10,0,-10,-0.0296,0.2024,-0.016,0.01696,0.0821,-0.04048
-10,0,-8,-0.0306,0.1582,-0.008,0.01332,0.0815,-0.03042
-10,0,-6,-0.031,0.1116,-0.017,0.00988,0.0773,-0.02088
-10,0,-4,-0.0316,0.0729,-0.01,0.00616,0.0774,-0.0127
-10,0,-2,-0.0325,0.0374,-0.011,0.00298,0.0764,-0.00568
-10,0,0,-0.033,0,-0.011,0,0.0761,0
-10,0,2,-0.0324,-0.0374,-0.011,-0.0029,0.0754,0.00636
-10,0,4,-0.0316,-0.0776,-0.015,-0.00612,0.0764,0.01378
-10,0,6,-0.0308,-0.1223,-0.017,-0.00968,0.0698,0.02272
-10,0,8,-0.03,-0.1712,-0.02,-0.01356,0.073,0.03312
-10,0,10,-0.0288,-0.2158,-0.025,-0.0166,0.0729,0.04206
-10,0,15,-0.0272,-0.3196,-0.024,-0.02076,0.0794,0.05822
-10,0,20,-0.0279,-0.4308,-0.006,-0.02456,0.0796,0.0743
-10,0,25,-0.0277,-0.5443,-0.009,-0.02664,0.0797,0.09288
-10,0,30,-0.0272,-0.6426,0.014,-0.0282,0.0733,0.10576
-10,5,-30,-0.0135,0.6397,-0.234,0.04188,0.0661,-0.1039
-10,5,-25,-0.0116,0.5367,-0.264,0.0373,0.0788,-0.08402
-10,5,-20,-0.0109,0.4267,-0.307,0.03662,0.0846,-0.07028
-10,5,-15,-0.0111,0.3097,-0.333,0.0319,0.088,-0.05466
-10,5,-10,-0.011,0.2042,-0.341,0.02564,0.0902,-0.03848
-10,5,-8,-0.0112,0.163,-0.337,0.0208,0.0889,-0.03044
-10,5,-6,-0.0123,0.1174,-0.336,0.0153,0.0904,-0.02114
-10,5,-4,-0.0133,0.0775,-0.34,0.01028,0.0893,-0.01304
-10,5,-2,-0.0139,0.0394,-0.343,0.00514,0.0892,-0.00554
-10,5,0,-0.0139,0,-0.348,0,0.0871,0
-10,5,2,-0.0139,-0.0352,-0.342,-0.0053,0.0887,0.006
-10,5,4,-0.013,-0.0785,-0.347,-0.01052,0.0887,0.01426
-10,5,6,-0.012,-0.1189,-0.343,-0.01538,0.0887,0.02206
-10,5,8,-0.011,-0.1689,-0.344,-0.0212,0.0885,0.03224
-10,5,10,-0.0102,-0.215,-0.345,-0.02584,0.0883,0.04078
-10,5,15,-0.0093,-0.3218,-0.334,-0.03286,0.0873,0.05726
-10,5,20,-0.0095,-0.4364,-0.31,-0.03754,0.0838,0.07306
-10,5,25,-0.0108,-0.5448,-0.261,-0.0383,0.0762,0.08546
-10,5,30,-0.0127,-0.6496,-0.235,-0.04272,0.084,0.10674
-10,10,-30,-0.0006,0.6132,-0.474,0.05058,0.0504,-0.0926
-10,10,-25,-0.0059,0.5192,-0.521,0.04822,0.0602,-0.07814
-10,10,-20,0.0025,0.4302,-0.584,0.04476,0.0694,-0.06962
-10,10,-15,0.003,0.3142,-0.609,0.03602,0.0764,-0.0544
-10,10,-10,0.004,0.208,-0.633,0.02702,0.0838,-0.04008
-10,10,-8,0.0034,0.1631,-0.67,0.02186,0.0851,-0.03098
-10,10,-6,0.0031,0.1187,-0.676,0.01594,0.0875,-0.02226
-10,10,-4,0.0023,0.0784,-0.68,0.01032,0.09,-0.01456
-10,10,-2,0.0013,0.037,-0.675,0.00504,0.0921,-0.00608
-10,10,0,0.0008,0,-0.674,0,0.0974,0
-10,10,2,0.0005,-0.0378,-0.671,-0.00492,0.0951,0.00604
-10,10,4,0.0015,-0.0774,-0.667,-0.01174,0.0963,0.01436
-10,10,6,0.0026,-0.1228,-0.659,-0.01798,0.0962,0.0237
-10,10,8,0.0035,-0.1664,-0.656,-0.02334,0.0961,0.03208
-10,10,10,0.0036,-0.2153,-0.656,-0.02864,0.0923,0.04106
-10,10,15,0.0026,-0.3196,-0.628,-0.03716,0.084,0.05522
-10,10,20,0.0021,-0.4353,-0.605,-0.0461,0.0751,0.07064
-10,10,25,0.0009,-0.5237,-0.543,-0.0494,0.0673,0.07916
-10,10,30,-0.001,-0.6177,-0.496,-0.05176,0.0554,0.09342
-10,15,-30,0.01,0.5416,-0.742,0.0464,0.0418,-0.06976
-10,15,-25,0.0123,0.4876,-0.803,0.04584,0.0583,-0.06804
-10,15,-20,0.0151,0.4126,-0.884,0.04464,0.0785,-0.06282
-10,15,-15,0.0173,0.3066,-0.933,0.04176,0.0993,-0.05226
-10,15,-10,0.018,0.2023,-0.962,0.02994,0.1166,-0.03996
-10,15,-8,0.0186,0.1576,-0.976,0.02426,0.117,-0.03024
-10,15,-6,0.0193,0.1168,-0.9764,0.01712,0.1237,-0.02142
-10,15,-4,0.0193,0.0718,-1.016,0.01122,0.1304,-0.01322
-10,15,-2,0.0186,0.0377,-1.008,0.00524,0.1382,-0.00562
-10,15,0,0.0179,0,-1.007,0,0.1436,0
-10,15,2,0.0179,-0.0368,-1.003,-0.00556,0.1448,0.00518
-10,15,4,0.0181,-0.0784,-0.988,-0.0121,0.1412,0.01382
-10,15,6,0.0182,-0.1194,-0.983,-0.01878,0.1321,0.0224
-10,15,8,0.0178,-0.1636,-0.972,-0.02472,0.1247,0.0313
-10,15,10,0.0177,-0.2096,-0.967,-0.03052,0.1175,0.04042
-10,15,15,0.017,-0.3143,-0.941,-0.03694,0.099,0.05086
-10,15,20,0.0148,-0.4223,-0.884,-0.03998,0.0775,0.06332
-10,15,25,0.012,-0.4947,-0.796,-0.04146,0.0589,0.0683
-10,15,30,0.0097,-0.5499,-0.731,-0.04198,0.0412,0.06626
-10,20,-30,0.0204,0.475,-0.996,0.04264,-0.0107,-0.03562
-10,20,-25,0.0209,0.375,-1.056,0.02922,0.0109,-0.0197
-10,20,-20,0.0244,0.295,-1.109,0.02748,0.0378,-0.0173
-10,20,-15,0.0265,0.23,-1.197,0.01978,0.0484,-0.0212
-10,20,-10,0.0291,0.1576,-1.232,0.01584,0.074,-0.01964
-10,20,-8,0.0284,0.1254,-1.238,0.01502,0.0785,-0.01556
-10,20,-6,0.0275,0.0919,-1.24,0.01006,0.0803,-0.00648
-10,20,-4,0.0271,0.059,-1.227,0.00636,0.0829,-0.00524
-10,20,-2,0.0272,0.0282,-1.237,0.00118,0.0846,-0.00142
-10,20,0,0.026,0,-1.243,0,0.0855,0
-10,20,2,0.0271,-0.0313,-1.255,-0.00664,0.0878,0.0014
-10,20,4,0.028,-0.067,-1.26,-0.01182,0.089,0.00682
-10,20,6,0.0289,-0.1023,-1.254,-0.01838,0.0892,0.01378
-10,20,8,0.0306,-0.1374,-1.262,-0.01846,0.0902,0.01982
-10,20,10,0.0315,-0.171,-1.283,-0.02062,0.0802,0.02446
-10,20,15,0.0289,-0.2452,-1.249,-0.02392,0.0579,0.02588
-10,20,20,0.0268,-0.3089,-1.154,-0.0319,0.0458,0.02218
-10,20,25,0.0251,-0.3869,-1.099,-0.0334,0.0184,0.02454
-10,20,30,0.0228,-0.488,-1.049,-0.04646,-0.0032,0.04022
-10,25,-30,0.0245,0.4878,-1.252,0.07414,-0.035,-0.0326
-10,25,-25,0.0279,0.3708,-1.345,0.05442,-0.0275,-0.0184
-10,25,-20,0.0264,0.2508,-1.4,0.03558,0.0062,0.0007
-10,25,-15,0.0285,0.1578,-1.44,0.02118,0.0273,0.01034
-10,25,-10,0.0333,0.1176,-1.498,0.02318,0.0344,-0.0025
-10,25,-8,0.0358,0.1174,-1.529,0.0205,0.0371,-0.00648
-10,25,-6,0.0371,0.0893,-1.561,0.01778,0.0403,-0.00382
-10,25,-4,0.0381,0.0585,-1.582,0.01176,0.0422,-0.0015
-10,25,-2,0.0378,0.0286,-1.582,0.00638,0.0453,-0.00068
-10,25,0,0.0385,0,-1.586,0,0.0544,0
-10,25,2,0.0382,-0.0301,-1.579,-0.00608,0.049,0
-10,25,4,0.0378,-0.0566,-1.578,-0.01316,0.0497,0.00216
-10,25,6,0.0374,-0.0925,-1.558,-0.0185,0.0436,0.00442
-10,25,8,0.0356,-0.1126,-1.537,-0.01928,0.0406,0.00444
-10,25,10,0.0359,-0.1321,-1.52,-0.02632,0.038,-0.00064
-10,25,15,0.031,-0.1714,-1.462,-0.02428,0.0276,-0.01356
-10,25,20,0.029,-0.2647,-1.418,-0.03852,0.0077,-0.004
-10,25,25,0.0305,-0.385,-1.36,-0.05844,-0.0263,0.01502
-10,25,30,0.0271,-0.5025,-1.275,-0.0724,-0.0343,0.0293
-10,30,-30,0.0207,0.3436,-1.394,0.07212,0.0465,-0.01858
-10,30,-25,0.0237,0.3226,-1.393,0.06016,-0.0157,0.00142
-10,30,-20,0.0244,0.2286,-1.457,0.03748,-0.0157,0.01968
-10,30,-15,0.028,0.1396,-1.545,0.02218,-0.0063,0.02858
-10,30,-10,0.0317,0.0825,-1.611,0.00904,0.0107,0.02792
-10,30,-8,0.0368,0.0801,-1.662,0.01182,0.0025,0.01556
-10,30,-6,0.0394,0.0757,-1.697,0.01316,0.0048,0.00806
-10,30,-4,0.041,0.0549,-1.73,0.00912,0.0077,0.00718
-10,30,-2,0.0411,0.0287,-1.738,0.0083,0.0079,0.00352
-10,30,0,0.0416,0,-1.738,0,0.0116,0
-10,30,2,0.0424,-0.0289,-1.748,-0.00666,0.0125,-0.00372
-10,30,4,0.0421,-0.0527,-1.731,-0.00974,0.0104,-0.00878
-10,30,6,0.0393,-0.0724,-1.698,-0.0108,0.003,-0.01394
-10,30,8,0.0376,-0.0939,-1.693,-0.00966,0.0015,-0.02358
-10,30,10,0.0362,-0.1136,-1.667,-0.01418,-0.005,-0.03144
-10,30,15,0.0315,-0.1694,-1.575,-0.02724,-0.0191,-0.03788
-10,30,20,0.0289,-0.2589,-1.439,-0.04458,-0.0293,-0.02794
-10,30,25,0.0282,-0.3511,-1.452,-0.06534,-0.0311,-0.00396
-10,30,30,0.0252,-0.3742,-1.452,-0.0733,0.0324,0.02068
-10,35,-30,0.0289,0.2437,-1.581,0.04936,0.0582,0.0166
-10,35,-25,0.0324,0.2267,-1.658,0.0447,-0.006,0.04494
-10,35,-20,0.0352,0.1757,-1.756,0.04472,-0.0311,0.0605
-10,35,-15,0.0339,0.1307,-1.809,0.02256,-0.0446,0.06322
-10,35,-10,0.0398,0.0776,-1.878,0.009,-0.034,0.04936
-10,35,-8,0.0419,0.0602,-1.88,0.00494,-0.0335,0.04758
-10,35,-6,0.0463,0.0535,-1.913,0.00502,-0.0351,0.0363
-10,35,-4,0.0476,0.0407,-1.953,0.0024,-0.0305,0.02664
-10,35,-2,0.0493,0.0181,-1.967,-0.00212,-0.025,0.01494
-10,35,0,0.0495,0,-1.967,0,-0.0268,0
-10,35,2,0.0476,-0.0214,-1.933,0.00148,-0.0282,-0.00928
-10,35,4,0.0497,-0.0537,-1.928,-0.00546,-0.0355,-0.014
-10,35,6,0.0482,-0.0808,-1.921,-0.007,-0.0452,-0.02164
-10,35,8,0.0449,-0.1009,-1.89,-0.00582,-0.051,-0.03122
-10,35,10,0.0443,-0.1226,-1.871,-0.00554,-0.0568,-0.04124
-10,35,15,0.0384,-0.1766,-1.798,-0.01962,-0.075,-0.0546
-10,35,20,0.0397,-0.2208,-1.739,-0.0417,-0.0561,-0.0525
-10,35,25,0.0369,-0.2714,-1.649,-0.04164,-0.0319,-0.03622
-10,35,30,0.0334,-0.2901,-1.573,-0.04638,0.0367,-0.0071
-10,40,-30,0.0452,0.1976,-1.639,0.05326,0.0114,0.02972
-10,40,-25,0.0448,0.1776,-1.693,0.04478,-0.0499,0.04022
-10,40,-20,0.0482,0.1566,-1.829,0.03594,-0.0611,0.07098
-10,40,-15,0.0492,0.1286,-1.901,0.0191,-0.0676,0.06686
-10,40,-10,0.0535,0.0906,-1.997,0.01048,-0.0588,0.04718
-10,40,-8,0.0539,0.0737,-2.043,0.01512,-0.0483,0.03628
-10,40,-6,0.0536,0.0593,-1.997,0.01858,-0.0503,0.0248
-10,40,-4,0.0566,0.0505,-2.078,0.00988,-0.0421,0.01772
-10,40,-2,0.0563,0.0188,-2.092,0.01044,-0.0418,0.00714
-10,40,0,0.0574,0,-2.092,0,-0.0465,0
-10,40,2,0.056,-0.0286,-2.042,-0.00748,-0.0583,-0.00508
-10,40,4,0.0551,-0.0516,-2.068,-0.01296,-0.0596,-0.01276
-10,40,6,0.0535,-0.0737,-2.121,-0.01908,-0.0624,-0.01618
-10,40,8,0.0527,-0.0938,-2.003,-0.0215,-0.0821,-0.02672
-10,40,10,0.0508,-0.1132,-2.013,-0.02458,-0.081,-0.03508
-10,40,15,0.0465,-0.1503,-1.922,-0.033,-0.0915,-0.0566
-10,40,20,0.0455,-0.1791,-1.843,-0.04996,-0.0838,-0.0603
-10,40,25,0.0421,-0.1996,-1.704,-0.0588,-0.0713,-0.02948
-10,40,30,0.0425,-0.2195,-1.66,-0.06744,-0.0154,-0.00352
-10,45,-30,0.0546,0.1741,-1.654,0.05176,0.0237,-6.00E-05
-10,45,-25,0.0563,0.1251,-1.79,0.04878,0.0146,-0.00312
-10,45,-20,0.0555,0.1201,-1.844,0.03562,-0.0087,0.02552
-10,45,-15,0.0525,0.1321,-1.925,0.03004,-0.0607,0.0386
-10,45,-10,0.0555,0.111,-1.982,0.0171,-0.0558,0.03052
-10,45,-8,0.0572,0.0854,-2.074,0.01424,-0.0504,0.0235
-10,45,-6,0.0525,0.055,-1.891,0.00992,-0.0752,0.01618
-10,45,-4,0.0637,0.0339,-2.095,0.00362,-0.0616,0.01084
-10,45,-2,0.0557,0.0183,-1.998,-0.00122,-0.0684,0.00254
-10,45,0,0.0598,0,-2.16,0,-0.0467,0
-10,45,2,0.0596,-0.0544,-2.152,-0.0122,-0.0617,-0.01332
-10,45,4,0.0569,-0.0929,-2.136,-0.01136,-0.0725,-0.03614
-10,45,6,0.0527,-0.1312,-2.02,-0.01404,-0.0996,-0.04568
-10,45,8,0.0573,-0.1581,-2.154,-0.01646,-0.0881,-0.0539
-10,45,10,0.0543,-0.1766,-2.081,-0.02028,-0.1028,-0.06126
-10,45,15,0.0513,-0.1977,-2.022,-0.03366,-0.1079,-0.07022
-10,45,20,0.0543,-0.1859,-1.844,-0.03884,-0.0556,-0.05646
-10,45,25,0.0551,-0.19,-1.885,-0.05164,-0.033,-0.0281
-10,45,30,0.0534,-0.2385,-1.754,-0.05454,-0.0265,-0.0306
0,-20,-30,-0.0277,0.3692,1.183,-0.0205,0.0922,-0.0541
0,-20,-25,-0.0285,0.2991,1.246,-0.017,0.0559,-0.0563
0,-20,-20,-0.0318,0.2417,1.279,-0.0076,0.0525,-0.0461
0,-20,-15,-0.0256,0.1692,1.29,0.0047,-0.0338,-0.0495
0,-20,-10,-0.0184,0.1078,1.369,0.015,-0.0518,-0.0296
0,-20,-8,-0.0156,0.0874,1.364,0.0134,-0.0605,-0.0208
0,-20,-6,-0.0159,0.0837,1.297,0.0008,-0.0574,-0.0173
0,-20,-4,-0.0162,0.0572,1.277,0.0013,-0.0554,-0.01
0,-20,-2,-0.0174,0.026,1.276,0.0027,-0.055,-0.0043
0,-20,0,-0.0181,0,1.256,0,-0.0503,0
0,-20,2,-0.0179,-0.0258,1.281,-0.0012,-0.0521,0.0037
0,-20,4,-0.0167,-0.0592,1.28,-0.0031,-0.0483,0.0076
0,-20,6,-0.0168,-0.0863,1.312,-0.0054,-0.0459,0.0121
0,-20,8,-0.0156,-0.1209,1.315,-0.0051,-0.0404,0.0186
0,-20,10,-0.0153,-0.1504,1.306,-0.0054,-0.0373,0.0231
0,-20,15,-0.0225,-0.2106,1.227,0.0036,-0.0193,0.0428
0,-20,20,-0.0287,-0.2836,1.216,0.0159,0.067,0.0393
0,-20,25,-0.0254,-0.3396,1.183,0.0256,0.0704,0.0494
0,-20,30,-0.0246,-0.4106,1.12,0.0297,0.1067,0.0468
0,-15,-30,-0.0314,0.4368,0.96,-0.006,0.0372,-0.0678
0,-15,-25,-0.031,0.3797,1.018,-0.0042,0.0062,-0.0728
0,-15,-20,-0.0259,0.3249,1.055,-0.0007,-0.0067,-0.0658
0,-15,-15,-0.0191,0.2636,1.093,0.0033,-0.0217,-0.0539
0,-15,-10,-0.0161,0.1826,1.058,0.0006,-0.0702,-0.0358
0,-15,-8,-0.0157,0.1456,1.039,-0.0002,-0.086,-0.0282
0,-15,-6,-0.0162,0.1068,1.031,0.0022,-0.1001,-0.0204
0,-15,-4,-0.0173,0.0701,1.019,0.0039,-0.1,-0.0126
0,-15,-2,-0.0189,0.0336,1.025,0.0019,-0.1002,-0.0058
0,-15,0,-0.0193,0,1.035,0,-0.1012,0
0,-15,2,-0.0186,-0.0337,1.033,-0.0015,-0.0974,0.0057
0,-15,4,-0.0186,-0.0702,1.042,-0.003,-0.0939,0.0125
0,-15,6,-0.017,-0.11,1.043,-0.0039,-0.0839,0.0206
0,-15,8,-0.0155,-0.15,1.056,-0.0028,-0.0837,0.0288
0,-15,10,-0.0154,-0.1902,1.056,-0.0003,-0.0759,0.0364
0,-15,15,-0.0184,-0.2712,1.091,-0.0024,-0.0274,0.0539
0,-15,20,-0.0252,-0.3332,1.053,0.0023,-0.0124,0.0658
0,-15,25,-0.0303,-0.3882,1.016,0.0052,0.0005,0.073
0,-15,30,-0.0307,-0.4452,0.958,0.0072,0.0315,0.0683
0,-10,-30,-0.0295,0.5,0.709,-0.0081,0.0251,-0.078
0,-10,-25,-0.0298,0.4441,0.71,-0.0061,0.0006,-0.0773
0,-10,-20,-0.026,0.3671,0.702,-0.0001,0.0014,-0.0629
0,-10,-15,-0.0233,0.2896,0.704,0.0018,-0.0229,-0.0555
0,-10,-10,-0.0209,0.1871,0.701,0.0034,-0.0536,-0.037
0,-10,-8,-0.0215,0.1475,0.71,0.0022,-0.0634,-0.0289
0,-10,-6,-0.0214,0.1096,0.73,0.0016,-0.0654,-0.0218
0,-10,-4,-0.0224,0.0757,0.729,0.0006,-0.0656,-0.0142
0,-10,-2,-0.023,0.0377,0.729,0,-0.0652,-0.0068
0,-10,0,-0.0224,0,0.725,0,-0.0647,0
0,-10,2,-0.022,-0.0339,0.729,-0.0003,-0.0653,0.0069
0,-10,4,-0.0217,-0.0708,0.728,-0.0008,-0.0659,0.0141
0,-10,6,-0.0213,-0.1108,0.728,-0.0011,-0.0654,0.0224
0,-10,8,-0.0205,-0.1513,0.723,-0.002,-0.0631,0.0301
0,-10,10,-0.0199,-0.1949,0.711,-0.0026,-0.057,0.0387
0,-10,15,-0.0223,-0.2978,0.714,-0.0007,-0.0263,0.0572
0,-10,20,-0.025,-0.3758,0.712,0.0007,-0.002,0.0645
0,-10,25,-0.0288,-0.4528,0.72,0.0071,-0.0028,0.0715
0,-10,30,-0.0285,-0.5078,0.719,0.0093,0.0217,0.0794
0,-5,-30,-0.0148,0.5683,0.222,0.0106,-0.0006,-0.0881
0,-5,-25,-0.0153,0.4913,0.216,0.0102,-0.0193,-0.0851
0,-5,-20,-0.0163,0.3913,0.231,0.0104,-0.0234,-0.0753
0,-5,-15,-0.015,0.2943,0.227,0.0103,-0.0321,-0.0556
0,-5,-10,-0.0167,0.1926,0.24,0.0093,-0.0386,-0.0402
0,-5,-8,-0.0173,0.149,0.243,0.0073,-0.0389,-0.0308
0,-5,-6,-0.0185,0.1125,0.244,0.0052,-0.0385,-0.0254
0,-5,-4,-0.0189,0.0723,0.249,0.003,-0.0386,-0.0141
0,-5,-2,-0.0193,0.0369,0.249,0.0012,-0.0388,-0.0067
0,-5,0,-0.0196,0,0.248,0,-0.0387,0
0,-5,2,-0.0192,-0.0363,0.248,-0.001,-0.0389,0.0067
0,-5,4,-0.0185,-0.0765,0.242,-0.0027,-0.0387,0.0144
0,-5,6,-0.0179,-0.1169,0.239,-0.0044,-0.0388,0.0234
0,-5,8,-0.0178,-0.1644,0.235,-0.0065,-0.0392,0.0328
0,-5,10,-0.0162,-0.2132,0.229,-0.0087,-0.0386,0.043
0,-5,15,-0.0155,-0.3148,0.216,-0.01,-0.0321,0.0586
0,-5,20,-0.0168,-0.4118,0.22,-0.0103,-0.0234,0.0785
0,-5,25,-0.0158,-0.513,0.205,-0.0102,-0.0193,0.0872
0,-5,30,-0.0153,-0.5889,0.211,-0.0106,-0.0006,0.0913
0,0,-30,-0.0136,0.6293,-0.066,0.0238,-0.0273,-0.106
0,0,-25,-0.0149,0.5313,-0.084,0.0232,-0.0246,-0.0929
0,0,-20,-0.0143,0.4173,-0.09,0.0224,-0.023,-0.0754
0,0,-15,-0.0136,0.3053,-0.105,0.0204,-0.0231,-0.0593
0,0,-10,-0.0168,0.2024,-0.104,0.0168,-0.0259,-0.042
0,0,-8,-0.0178,0.1582,-0.099,0.0134,-0.0255,-0.0319
0,0,-6,-0.0182,0.1116,-0.107,0.0098,-0.0286,-0.0222
0,0,-4,-0.0188,0.0729,-0.099,0.006,-0.0271,-0.0135
0,0,-2,-0.0197,0.0374,-0.099,0.0029,-0.0271,-0.0062
0,0,0,-0.0202,0,-0.1,0,-0.0267,0
0,0,2,-0.0196,-0.0374,-0.101,-0.0027,-0.0266,0.0066
0,0,4,-0.0188,-0.0776,-0.104,-0.0058,-0.0272,0.0143
0,0,6,-0.018,-0.1223,-0.104,-0.0094,-0.028,0.0234
0,0,8,-0.0172,-0.1712,-0.104,-0.0134,-0.0267,0.034
0,0,10,-0.016,-0.2158,-0.106,-0.0164,-0.027,0.0429
0,0,15,-0.0144,-0.3196,-0.107,-0.02,-0.0242,0.0595
0,0,20,-0.0151,-0.4308,-0.092,-0.022,-0.0241,0.0759
0,0,25,-0.0149,-0.5443,-0.086,-0.0228,-0.0257,0.0938
0,0,30,-0.0144,-0.6426,-0.068,-0.0234,-0.0284,0.1066
0,5,-30,-0.0029,0.6397,-0.317,0.039,-0.0319,-0.1051
0,5,-25,-0.001,0.5367,-0.347,0.0361,-0.0272,-0.0877
0,5,-20,-0.0003,0.4267,-0.39,0.0353,-0.0204,-0.0728
0,5,-15,-0.0005,0.3097,-0.414,0.0315,-0.017,-0.0573
0,5,-10,-0.0004,0.2042,-0.42,0.0248,-0.0152,-0.041
0,5,-8,-0.0006,0.163,-0.417,0.0202,-0.0148,-0.0324
0,5,-6,-0.0017,0.1174,-0.417,0.0149,-0.0145,-0.0225
0,5,-4,-0.0027,0.0775,-0.421,0.01,-0.0138,-0.014
0,5,-2,-0.0033,0.0394,-0.424,0.0049,-0.0127,-0.0061
0,5,0,-0.0033,0,-0.428,0,-0.0128,0
0,5,2,-0.0033,-0.0352,-0.421,-0.0049,-0.0133,0.0062
0,5,4,-0.0024,-0.0785,-0.428,-0.01,-0.0141,0.0149
0,5,6,-0.0014,-0.1189,-0.422,-0.0149,-0.0149,0.0229
0,5,8,-0.0004,-0.1689,-0.423,-0.0206,-0.0157,0.0336
0,5,10,0.0004,-0.215,-0.425,-0.025,-0.0164,0.0423
0,5,15,0.0013,-0.3218,-0.419,-0.0317,-0.0182,0.0589
0,5,20,0.0011,-0.4364,-0.395,-0.0355,-0.0216,0.0747
0,5,25,-0.0002,-0.5448,-0.352,-0.0363,-0.0287,0.0877
0,5,30,-0.0021,-0.6496,-0.322,-0.0392,-0.0331,0.1069
0,10,-30,0.0085,0.6132,-0.569,0.0485,-0.0446,-0.0926
0,10,-25,0.0104,0.5192,-0.619,0.0463,-0.0368,-0.0797
0,10,-20,0.0116,0.4302,-0.679,0.043,-0.0266,-0.0731
0,10,-15,0.0121,0.3142,-0.703,0.0347,-0.0166,-0.058
0,10,-10,0.0131,0.208,-0.728,0.0263,-0.0127,-0.0424
0,10,-8,0.0125,0.1631,-0.765,0.0213,-0.0113,-0.0327
0,10,-6,0.0122,0.1187,-0.772,0.0155,-0.0092,-0.0235
0,10,-4,0.0119,0.0784,-0.774,0.01,-0.0057,-0.0154
0,10,-2,0.0104,0.037,-0.772,0.0046,-0.0033,-0.0064
0,10,0,0.0099,0,-0.774,0,-0.0016,0
0,10,2,0.0096,-0.0378,-0.77,-0.0048,-0.0017,0.0064
0,10,4,0.0106,-0.0774,-0.767,-0.0115,-0.0025,0.015
0,10,6,0.0117,-0.1228,-0.761,-0.0175,-0.0038,0.0243
0,10,8,0.0126,-0.1664,-0.754,-0.0227,-0.0049,0.033
0,10,10,0.0127,-0.2153,-0.756,-0.0278,-0.0085,0.0425
0,10,15,0.0117,-0.3196,-0.731,-0.036,-0.0124,0.0579
0,10,20,0.0112,-0.4353,-0.707,-0.0443,-0.0224,0.073
0,10,25,0.01,-0.5237,-0.645,-0.0476,-0.0326,0.0796
0,10,30,0.0081,-0.6177,-0.597,-0.0498,-0.0404,0.0925
0,15,-30,0.0145,0.5416,-0.853,0.0462,-0.0682,-0.0632
0,15,-25,0.0168,0.4876,-0.929,0.0462,-0.0587,-0.067
0,15,-20,0.0196,0.4126,-1.018,0.045,-0.0425,-0.0653
0,15,-15,0.0218,0.3066,-1.07,0.042,-0.0197,-0.0549
0,15,-10,0.0225,0.2023,-1.098,0.0297,0,-0.0414
0,15,-8,0.0231,0.1576,-1.116,0.0241,0.0026,-0.0316
0,15,-6,0.0238,0.1168,-1.1144,0.0172,0.0078,-0.0223
0,15,-4,0.0238,0.0718,-1.151,0.0113,0.0158,-0.0135
0,15,-2,0.0231,0.0377,-1.142,0.0052,0.0243,-0.0059
0,15,0,0.0224,0,-1.139,0,0.0323,0
0,15,2,0.0224,-0.0368,-1.135,-0.0056,0.0328,0.0055
0,15,4,0.0226,-0.0784,-1.118,-0.0123,0.029,0.0143
0,15,6,0.0227,-0.1194,-1.112,-0.0187,0.0189,0.0232
0,15,8,0.0223,-0.1636,-1.107,-0.0248,0.012,0.0325
0,15,10,0.0222,-0.2096,-1.099,-0.0304,0.0061,0.0417
0,15,15,0.0215,-0.3143,-1.071,-0.0369,-0.0136,0.0533
0,15,20,0.0193,-0.4223,-1.019,-0.0399,-0.0364,0.0656
0,15,25,0.0165,-0.4947,-0.93,-0.0411,-0.0526,0.0673
0,15,30,0.0142,-0.5499,-0.854,-0.0411,-0.0621,0.0635
0,20,-30,0.0165,0.475,-1.106,0.048,-0.0947,-0.0359
0,20,-25,0.017,0.375,-1.168,0.0335,-0.0851,-0.0191
0,20,-20,0.0205,0.295,-1.228,0.029,-0.0642,-0.0173
0,20,-15,0.0226,0.23,-1.314,0.0209,-0.0536,-0.023
0,20,-10,0.0252,0.1576,-1.348,0.0158,-0.0308,-0.0216
0,20,-8,0.0245,0.1254,-1.359,0.0141,-0.0293,-0.0174
0,20,-6,0.0236,0.0919,-1.362,0.0095,-0.0275,-0.0076
0,20,-4,0.0232,0.059,-1.352,0.0058,-0.0234,-0.0058
0,20,-2,0.0233,0.0282,-1.357,0.0005,-0.0188,-0.0015
0,20,0,0.0221,0,-1.355,0,-0.0161,0
0,20,2,0.0232,-0.0313,-1.371,-0.006,-0.0141,0.003
0,20,4,0.0241,-0.067,-1.376,-0.0117,-0.0136,0.0087
0,20,6,0.025,-0.1023,-1.37,-0.0175,-0.0154,0.0159
0,20,8,0.0267,-0.1374,-1.379,-0.0183,-0.018,0.0227
0,20,10,0.0276,-0.171,-1.399,-0.0203,-0.0273,0.0279
0,20,15,0.025,-0.2452,-1.365,-0.025,-0.0501,0.0292
0,20,20,0.0229,-0.3089,-1.279,-0.0335,-0.0607,0.0237
0,20,25,0.0212,-0.3869,-1.219,-0.0378,-0.0816,0.0253
0,20,30,0.0189,-0.488,-1.157,-0.0521,-0.0912,0.0421
0,25,-30,0.0138,0.4878,-1.314,0.0731,-0.109,-0.0342
0,25,-25,0.0172,0.3708,-1.407,0.0573,-0.1235,-0.0208
0,25,-20,0.0157,0.2508,-1.465,0.0371,-0.0938,-0.0017
0,25,-15,0.0178,0.1578,-1.506,0.0221,-0.0777,0.0063
0,25,-10,0.0226,0.1176,-1.564,0.0233,-0.0674,-0.0059
0,25,-8,0.0251,0.1174,-1.598,0.0203,-0.0648,-0.0094
0,25,-6,0.0264,0.0893,-1.628,0.0175,-0.0607,-0.0061
0,25,-4,0.0274,0.0585,-1.647,0.012,-0.0558,-0.0029
0,25,-2,0.0271,0.0286,-1.646,0.0061,-0.0526,-0.0012
0,25,0,0.0278,0,-1.65,0,-0.0455,0
0,25,2,0.0275,-0.0301,-1.642,-0.0058,-0.0471,0.0008
0,25,4,0.0271,-0.0566,-1.641,-0.0128,-0.0479,0.0038
0,25,6,0.0267,-0.0925,-1.618,-0.0183,-0.053,0.0069
0,25,8,0.0249,-0.1126,-1.599,-0.0186,-0.0563,0.0078
0,25,10,0.0252,-0.1321,-1.585,-0.026,-0.061,0.0034
0,25,15,0.0203,-0.1714,-1.527,-0.0248,-0.0713,-0.0088
0,25,20,0.0183,-0.2647,-1.486,-0.0398,-0.0874,-0.0008
0,25,25,0.0198,-0.385,-1.428,-0.061,-0.1171,0.0183
0,25,30,0.0164,-0.5025,-1.335,-0.0758,-0.1026,0.0317
0,30,-30,0.0092,0.3436,-1.496,0.0752,-0.0135,-0.0265
0,30,-25,0.0122,0.3226,-1.51,0.0632,-0.0857,-0.0047
0,30,-20,0.0129,0.2286,-1.589,0.0428,-0.0907,0.0128
0,30,-15,0.0165,0.1396,-1.692,0.0235,-0.1013,0.0249
0,30,-10,0.0202,0.0825,-1.775,0.0106,-0.0875,0.0198
0,30,-8,0.0253,0.0801,-1.814,0.0133,-0.0983,0.0114
0,30,-6,0.0279,0.0757,-1.846,0.0138,-0.0951,0.0055
0,30,-4,0.0295,0.0549,-1.875,0.0094,-0.0913,0.0057
0,30,-2,0.0296,0.0287,-1.879,0.0075,-0.0902,0.003
0,30,0,0.0301,0,-1.883,0,-0.0871,0
0,30,2,0.0309,-0.0289,-1.891,-0.0063,-0.0865,-0.0032
0,30,4,0.0306,-0.0527,-1.876,-0.0095,-0.0896,-0.0077
0,30,6,0.0278,-0.0724,-1.843,-0.011,-0.0962,-0.0117
0,30,8,0.0261,-0.0939,-1.838,-0.0101,-0.0997,-0.0201
0,30,10,0.0247,-0.1136,-1.811,-0.0151,-0.106,-0.0276
0,30,15,0.02,-0.1694,-1.728,-0.028,-0.1198,-0.0332
0,30,20,0.0174,-0.2589,-1.625,-0.0473,-0.1092,-0.0209
0,30,25,0.0167,-0.3511,-1.546,-0.0677,-0.1042,-0.0034
0,30,30,0.0137,-0.3742,-1.532,-0.0797,-0.032,0.0188
0,35,-30,0.0099,0.2437,-1.594,0.0528,0.0202,0.0138
0,35,-25,0.0134,0.2267,-1.694,0.0479,-0.051,0.0391
0,35,-20,0.0162,0.1757,-1.807,0.0422,-0.0891,0.0533
0,35,-15,0.0149,0.1307,-1.875,0.019,-0.1086,0.0553
0,35,-10,0.0208,0.0776,-1.957,0.0078,-0.1018,0.0434
0,35,-8,0.0229,0.0602,-1.976,0.0069,-0.1014,0.0397
0,35,-6,0.0273,0.0535,-2.032,0.0117,-0.1105,0.0263
0,35,-4,0.0286,0.0407,-2.06,0.007,-0.1117,0.0206
0,35,-2,0.0303,0.0181,-2.07,0.0022,-0.1127,0.0119
0,35,0,0.0305,0,-2.077,0,-0.1151,0
0,35,2,0.0286,-0.0214,-2.038,0.0014,-0.1167,-0.009
0,35,4,0.0307,-0.0537,-2.039,-0.0057,-0.123,-0.0134
0,35,6,0.0292,-0.0808,-2.028,-0.0076,-0.1301,-0.019
0,35,8,0.0259,-0.1009,-2.005,-0.0077,-0.1387,-0.0263
0,35,10,0.0253,-0.1226,-1.986,-0.0091,-0.1402,-0.0328
0,35,15,0.0194,-0.1766,-1.904,-0.0203,-0.147,-0.0444
0,35,20,0.0207,-0.2208,-1.836,-0.0435,-0.1275,-0.0427
0,35,25,0.0179,-0.2714,-1.713,-0.0492,-0.0894,-0.0279
0,35,30,0.0144,-0.2901,-1.623,-0.0541,-0.0142,-0.0021
0,40,-30,0.0206,0.1976,-1.683,0.0555,-0.0116,0.0302
0,40,-25,0.0202,0.1776,-1.755,0.0435,-0.0639,0.0357
0,40,-20,0.0236,0.1566,-1.912,0.0339,-0.0971,0.0675
0,40,-15,0.0246,0.1286,-1.999,0.0173,-0.1156,0.0645
0,40,-10,0.0289,0.0906,-2.111,0.0094,-0.117,0.0445
0,40,-8,0.0293,0.0737,-2.149,0.0156,-0.1142,0.033
0,40,-6,0.029,0.0593,-2.147,0.0193,-0.1182,0.0214
0,40,-4,0.032,0.0505,-2.204,0.011,-0.116,0.0156
0,40,-2,0.0317,0.0188,-2.207,0.011,-0.1178,0.0065
0,40,0,0.0328,0,-2.204,0,-0.1206,0
0,40,2,0.0314,-0.0286,-2.205,-0.0074,-0.128,-0.006
0,40,4,0.0305,-0.0516,-2.195,-0.0126,-0.1347,-0.0136
0,40,6,0.0289,-0.0737,-2.193,-0.0194,-0.1436,-0.0155
0,40,8,0.0281,-0.0938,-2.174,-0.0213,-0.1512,-0.0266
0,40,10,0.0262,-0.1132,-2.133,-0.0253,-0.1516,-0.033
0,40,15,0.0219,-0.1503,-2.021,-0.0332,-0.1502,-0.0532
0,40,20,0.0209,-0.1791,-1.934,-0.0498,-0.1317,-0.0561
0,40,25,0.0175,-0.1996,-1.777,-0.0594,-0.0985,-0.024
0,40,30,0.0179,-0.2195,-1.705,-0.0714,-0.0462,0.0014
0,45,-30,0.0257,0.1741,-1.664,0.05,-0.0023,0.0003
0,45,-25,0.0274,0.1251,-1.783,0.0493,-0.0164,-0.0038
0,45,-20,0.0266,0.1201,-1.859,0.0351,-0.0417,0.0214
0,45,-15,0.0236,0.1321,-1.962,0.0306,-0.0987,0.04
0,45,-10,0.0266,0.111,-2.03,0.0179,-0.0985,0.0326
0,45,-8,0.0283,0.0854,-2.129,0.0158,-0.0975,0.0261
0,45,-6,0.0236,0.055,-1.917,0.0128,-0.1278,0.0199
0,45,-4,0.0298,0.0339,-2.143,0.0077,-0.1042,0.013
0,45,-2,0.0268,0.0183,-2.05,0.0019,-0.1156,0.0047
0,45,0,0.0309,0,-2.208,0,-0.0979,0
0,45,2,0.0307,-0.0544,-2.201,-0.0118,-0.1122,-0.017
0,45,4,0.028,-0.0929,-2.182,-0.0124,-0.1225,-0.0369
0,45,6,0.0238,-0.1312,-2.077,-0.015,-0.1444,-0.0464
0,45,8,0.0284,-0.1581,-2.209,-0.0173,-0.134,-0.0533
0,45,10,0.0254,-0.1766,-2.126,-0.0214,-0.1461,-0.0611
0,45,15,0.0224,-0.1977,-2.058,-0.0341,-0.1463,-0.0681
0,45,20,0.0254,-0.1859,-1.955,-0.0386,-0.0893,-0.0495
0,45,25,0.0262,-0.19,-1.879,-0.0528,-0.064,-0.0245
0,45,30,0.0245,-0.2385,-1.76,-0.0535,-0.0499,-0.028
10,-20,-30,-0.0228,0.3692,1.113,-0.0199,0.0144,-0.05158
10,-20,-25,-0.0236,0.2991,1.172,-0.01624,-0.0196,-0.05338
10,-20,-20,-0.0269,0.2417,1.192,-0.007,-0.0203,-0.04394
10,-20,-15,-0.0207,0.1692,1.201,0.00626,-0.1102,-0.05038
10,-20,-10,-0.0135,0.1078,1.269,0.01556,-0.135,-0.02944
10,-20,-8,-0.0107,0.0874,1.271,0.01228,-0.1526,-0.02044
10,-20,-6,-0.011,0.0837,1.229,0.00104,-0.1494,-0.01614
10,-20,-4,-0.0113,0.0572,1.19,-0.0003,-0.1471,-0.01024
10,-20,-2,-0.0126,0.026,1.195,0.0023,-0.1479,-0.00434
10,-20,0,-0.0132,0,1.179,0,-0.1465,0
10,-20,2,-0.013,-0.0258,1.196,-0.00128,-0.1477,0.00386
10,-20,4,-0.0118,-0.0592,1.196,-0.00378,-0.1436,0.007
10,-20,6,-0.0119,-0.0863,1.226,-0.00512,-0.1408,0.01166
10,-20,8,-0.0107,-0.1209,1.229,-0.00638,-0.1318,0.018
10,-20,10,-0.0104,-0.1504,1.223,-0.006,-0.1293,0.02318
10,-20,15,-0.0176,-0.2106,1.152,0.00172,-0.1008,0.04372
10,-20,20,-0.0238,-0.2836,1.147,0.01502,-0.011,0.03706
10,-20,25,-0.0205,-0.3396,1.12,0.02468,-0.0102,0.0464
10,-20,30,-0.0197,-0.4106,1.062,0.01046,0.0235,0.04472
10,-15,-30,-0.0346,0.4368,0.87,-0.00316,-0.0341,-0.06532
10,-15,-25,-0.0342,0.3797,0.917,-0.00176,-0.068,-0.07024
10,-15,-20,-0.0291,0.3249,0.942,0.00182,-0.0856,-0.06364
10,-15,-15,-0.0223,0.2636,0.976,0.005848,-0.1123,-0.05354
10,-15,-10,-0.0193,0.1826,0.945,0.00272,-0.1695,-0.03392
10,-15,-8,-0.0189,0.1456,0.927,0.00064,-0.1864,-0.0272
10,-15,-6,-0.0194,0.1068,0.921,0.00244,-0.1995,-0.01912
10,-15,-4,-0.0205,0.0701,0.909,0.00474,-0.1961,-0.01148
10,-15,-2,-0.0221,0.0336,0.918,0.00198,-0.1991,-0.0056
10,-15,0,-0.0225,0,0.925,0,-0.1976,0
10,-15,2,-0.0218,-0.0337,0.923,-0.0013,-0.1945,0.0049
10,-15,4,-0.0218,-0.0702,0.93,-0.00296,-0.1907,0.01142
10,-15,6,-0.0202,-0.11,0.931,-0.0037,-0.1816,0.01988
10,-15,8,-0.0187,-0.15,0.945,-0.00296,-0.1815,0.0274
10,-15,10,-0.0186,-0.1902,0.941,-0.00102,-0.1767,0.03468
10,-15,15,-0.0216,-0.2712,0.974,-0.00372,-0.1182,0.05346
10,-15,20,-0.0284,-0.3332,0.939,0.00098,-0.0933,0.06372
10,-15,25,-0.0335,-0.3882,0.912,0.00392,-0.075,0.07052
10,-15,30,-0.0339,-0.4452,0.868,0.00568,-0.0386,0.06586
10,-10,-30,-0.0405,0.5,0.618,-0.00402,-0.064,-0.07432
10,-10,-25,-0.0408,0.4441,0.61,-0.00262,-0.0953,-0.07318
10,-10,-20,-0.037,0.3671,0.599,0.00138,-0.1112,-0.06018
10,-10,-15,-0.0343,0.2896,0.602,0.00248,-0.1366,-0.05374
10,-10,-10,-0.0319,0.1871,0.602,0.00468,-0.1647,-0.0362
10,-10,-8,-0.0325,0.1475,0.613,0.00244,-0.1733,-0.0279
10,-10,-6,-0.0324,0.1096,0.633,0.00188,-0.1734,-0.02136
10,-10,-4,-0.0334,0.0757,0.634,-0.00044,-0.173,-0.01396
10,-10,-2,-0.034,0.0377,0.632,-0.00012,-0.1719,-0.00656
10,-10,0,-0.0334,0,0.629,0,-0.1775,0
10,-10,2,-0.033,-0.0339,0.629,-0.00038,-0.1699,0.0065
10,-10,4,-0.0327,-0.0708,0.627,-0.00092,-0.1724,0.0141
10,-10,6,-0.0323,-0.1108,0.627,-0.0013,-0.1726,0.022
10,-10,8,-0.0315,-0.1513,0.622,-0.0022,-0.1725,0.03014
10,-10,10,-0.0309,-0.1949,0.611,-0.00372,-0.1671,0.0377
10,-10,15,-0.0333,-0.2978,0.611,-0.0009,-0.1388,0.05508
10,-10,20,-0.036,-0.3758,0.609,-0.00046,-0.1131,0.06146
10,-10,25,-0.0398,-0.4528,0.621,0.00398,-0.1444,0.06702
10,-10,30,-0.0395,-0.5078,0.628,0.0053,-0.0651,0.07532
10,-5,-30,-0.0266,0.5683,0.138,0.01396,-0.0886,-0.08234
10,-5,-25,-0.0271,0.4913,0.127,0.01192,-0.1193,-0.08118
10,-5,-20,-0.0281,0.3913,0.14,0.0104,-0.1364,-0.07342
10,-5,-15,-0.0268,0.2943,0.136,0.0107,-0.1451,-0.05496
10,-5,-10,-0.0285,0.1926,0.15,0.00922,-0.1458,-0.04028
10,-5,-8,-0.0291,0.149,0.15,0.00674,-0.1496,-0.03132
10,-5,-6,-0.0303,0.1125,0.151,0.00464,-0.1493,-0.02596
10,-5,-4,-0.0307,0.0723,0.153,0.00272,-0.1504,-0.01454
10,-5,-2,-0.0311,0.0369,0.166,0.00104,-0.1504,-0.00694
10,-5,0,-0.0314,0,0.166,0,-0.1531,0
10,-5,2,-0.031,-0.0363,0.164,-0.00088,-0.1515,0.00674
10,-5,4,-0.0303,-0.0765,0.155,-0.00206,-0.1535,0.01488
10,-5,6,-0.0297,-0.1169,0.151,-0.00372,-0.1534,0.02372
10,-5,8,-0.0296,-0.1644,0.147,-0.00582,-0.152,0.03308
10,-5,10,-0.028,-0.2132,0.149,-0.00826,-0.1446,0.04304
10,-5,15,-0.0273,-0.3148,0.13,-0.01016,-0.1429,0.05792
10,-5,20,-0.0286,-0.4118,0.132,-0.0101,-0.1354,0.07658
10,-5,25,-0.0276,-0.513,0.126,-0.01168,-0.1192,0.08316
10,-5,30,-0.0271,-0.5889,0.133,-0.01376,-0.0866,0.08546
10,0,-30,-0.0253,0.6293,-0.129,0.0282,-0.0893,-0.10044
10,0,-25,-0.0266,0.5313,-0.154,0.02604,-0.1056,-0.08898
10,0,-20,-0.026,0.4173,-0.165,0.02424,-0.116,-0.0732
10,0,-15,-0.0253,0.3053,-0.186,0.02072,-0.1181,-0.05858
10,0,-10,-0.0285,0.2024,-0.19,0.01692,-0.1199,-0.04156
10,0,-8,-0.0295,0.1582,-0.184,0.01316,-0.1195,-0.03166
10,0,-6,-0.0299,0.1116,-0.193,0.0096,-0.1237,-0.02208
10,0,-4,-0.0305,0.0729,-0.184,0.00548,-0.1226,-0.01362
10,0,-2,-0.0314,0.0374,-0.187,0.00262,-0.1286,-0.00616
10,0,0,-0.0319,0,-0.189,0,-0.1279,0
10,0,2,-0.0313,-0.0374,-0.19,-0.00266,-0.1286,0.00692
10,0,4,-0.0305,-0.0776,-0.193,-0.00572,-0.1296,0.01478
10,0,6,-0.0297,-0.1223,-0.196,-0.00944,-0.1342,0.0236
10,0,8,-0.0289,-0.1712,-0.196,-0.0136,-0.127,0.0338
10,0,10,-0.0277,-0.2158,-0.198,-0.01664,-0.1269,0.04266
10,0,15,-0.0261,-0.3196,-0.193,-0.02044,-0.1256,0.05894
10,0,20,-0.0268,-0.4308,-0.177,-0.02404,-0.1184,0.0739
10,0,25,-0.0266,-0.5443,-0.162,-0.02584,-0.1033,0.0902
10,0,30,-0.0261,-0.6426,-0.137,-0.028,-0.0937,0.10136
10,5,-30,-0.0163,0.6397,-0.381,0.04336,-0.0909,-0.09654
10,5,-25,-0.0144,0.5367,-0.432,0.03886,-0.0962,-0.08102
10,5,-20,-0.0137,0.4267,-0.489,0.03766,-0.1094,-0.069
10,5,-15,-0.0139,0.3097,-0.528,0.03202,-0.12,-0.05506
10,5,-10,-0.0138,0.2042,-0.541,0.02484,-0.1188,-0.04064
10,5,-8,-0.014,0.163,-0.533,0.0202,-0.1191,-0.03212
10,5,-6,-0.0151,0.1174,-0.536,0.01514,-0.1186,-0.02234
10,5,-4,-0.0161,0.0775,-0.539,0.0104,-0.1187,-0.01328
10,5,-2,-0.0167,0.0394,-0.543,0.00578,-0.1208,-0.00542
10,5,0,-0.0167,0,-0.551,0,-0.1236,0
10,5,2,-0.0167,-0.0352,-0.543,-0.00586,-0.1243,0.00544
10,5,4,-0.0158,-0.0785,-0.56,-0.0112,-0.1243,0.01394
10,5,6,-0.0148,-0.1189,-0.55,-0.01558,-0.1193,0.0225
10,5,8,-0.0138,-0.1689,-0.544,-0.02112,-0.1195,0.03312
10,5,10,-0.013,-0.215,-0.545,-0.02576,-0.1187,0.04206
10,5,15,-0.0121,-0.3218,-0.525,-0.0329,-0.1197,0.05782
10,5,20,-0.0123,-0.4364,-0.493,-0.0383,-0.1102,0.07198
10,5,25,-0.0136,-0.5448,-0.429,-0.03946,-0.0998,0.08258
10,5,30,-0.0155,-0.6496,-0.384,-0.0438,-0.086,0.09942
10,10,-30,-0.0092,0.6132,-0.604,0.05298,-0.0746,-0.0862
10,10,-25,-0.0145,0.5192,-0.629,0.04974,-0.0868,-0.0767
10,10,-20,-0.0061,0.4302,-0.724,0.0452,-0.0926,-0.0705
10,10,-15,-0.0056,0.3142,-0.766,0.03598,-0.0986,-0.05664
10,10,-10,-0.0046,0.208,-0.815,0.02642,-0.1052,-0.04188
10,10,-8,-0.0052,0.1631,-0.848,0.0211,-0.1049,-0.03278
10,10,-6,-0.0055,0.1187,-0.859,0.01554,-0.1135,-0.02354
10,10,-4,-0.0063,0.0784,-0.866,0.01028,-0.113,-0.01496
10,10,-2,-0.0073,0.037,-0.869,0.00532,-0.1159,-0.00636
10,10,0,-0.0078,0,-0.873,0,-0.1127,0
10,10,2,-0.0081,-0.0378,-0.871,-0.00488,-0.1119,0.00584
10,10,4,-0.0071,-0.0774,-0.863,-0.01234,-0.1087,0.01416
10,10,6,-0.006,-0.1228,-0.863,-0.01806,-0.1088,0.02342
10,10,8,-0.0051,-0.1664,-0.849,-0.0229,-0.1009,0.03212
10,10,10,-0.005,-0.2153,-0.846,-0.0282,-0.1047,0.04142
10,10,15,-0.006,-0.3196,-0.807,-0.03692,-0.099,0.05598
10,10,20,-0.0065,-0.4353,-0.77,-0.04622,-0.0929,0.06988
10,10,25,-0.0077,-0.5237,-0.695,-0.05048,-0.0877,0.07596
10,10,30,-0.0096,-0.6177,-0.628,-0.05364,-0.0786,0.08526
10,15,-30,-0.0098,0.5416,-0.871,0.04796,-0.0982,-0.05756
10,15,-25,-0.0075,0.4876,-0.966,0.04688,-0.0997,-0.06396
10,15,-20,-0.0047,0.4126,-1.069,0.0444,-0.1075,-0.06326
10,15,-15,-0.0025,0.3066,-1.132,0.0408,-0.1117,-0.05422
10,15,-10,-0.0018,0.2023,-1.162,0.02978,-0.0984,-0.04068
10,15,-8,-0.0012,0.1576,-1.174,0.0247,-0.096,-0.03112
10,15,-6,-0.0005,0.1168,-1.1764,0.01836,-0.0983,-0.02162
10,15,-4,-0.0005,0.0718,-1.215,0.01234,-0.0936,-0.01294
10,15,-2,-0.0012,0.0377,-1.213,0.00608,-0.0858,-0.00574
10,15,0,-0.0019,0,-1.204,0,-0.0722,0
10,15,2,-0.0019,-0.0368,-1.194,-0.00648,-0.0742,0.0045
10,15,4,-0.0017,-0.0784,-1.186,-0.01354,-0.0838,0.01298
10,15,6,-0.0016,-0.1194,-1.181,-0.01946,-0.0929,0.0218
10,15,8,-0.002,-0.1636,-1.18,-0.0252,-0.1003,0.03138
10,15,10,-0.0021,-0.2096,-1.174,-0.03136,-0.0975,0.04078
10,15,15,-0.0028,-0.3143,-1.138,-0.03662,-0.111,0.05206
10,15,20,-0.005,-0.4223,-1.067,-0.04042,-0.1095,0.06292
10,15,25,-0.0078,-0.4947,-0.96,-0.0429,-0.0991,0.0637
10,15,30,-0.0101,-0.5499,-0.878,-0.04386,-0.0968,0.05726
10,20,-30,-0.0147,0.475,-1.095,0.0454,-0.0997,-0.02446
10,20,-25,-0.0142,0.375,-1.168,0.03266,-0.0971,-0.01366
10,20,-20,-0.0107,0.295,-1.235,0.02908,-0.0992,-0.01518
10,20,-15,-0.0086,0.23,-1.33,0.02006,-0.1076,-0.02152
10,20,-10,-0.006,0.1576,-1.373,0.01476,-0.117,-0.02172
10,20,-8,-0.0067,0.1254,-1.385,0.01322,-0.1195,-0.01772
10,20,-6,-0.0076,0.0919,-1.387,0.00842,-0.1157,-0.00776
10,20,-4,-0.008,0.059,-1.374,0.00584,-0.1111,-0.00536
10,20,-2,-0.0079,0.0282,-1.38,0.00062,-0.1104,-0.00122
10,20,0,-0.0091,0,-1.379,0,-0.1083,0
10,20,2,-0.008,-0.0313,-1.398,-0.00668,-0.1072,0.0034
10,20,4,-0.0071,-0.067,-1.401,-0.0127,-0.103,0.00806
10,20,6,-0.0062,-0.1023,-1.401,-0.01526,-0.1238,0.01694
10,20,8,-0.0045,-0.1374,-1.411,-0.01546,-0.1258,0.0241
10,20,10,-0.0036,-0.171,-1.431,-0.01846,-0.1378,0.02934
10,20,15,-0.0062,-0.2452,-1.386,-0.02304,-0.1251,0.02904
10,20,20,-0.0083,-0.3089,-1.294,-0.03234,-0.1162,0.0229
10,20,25,-0.01,-0.3869,-1.224,-0.03576,-0.1166,0.0211
10,20,30,-0.0123,-0.488,-1.154,-0.0481,-0.1192,0.03182
10,25,-30,-0.0213,0.4878,-1.301,0.07342,-0.12,-0.024
10,25,-25,-0.0179,0.3708,-1.425,0.0563,-0.1385,-0.01276
10,25,-20,-0.0194,0.2508,-1.515,0.0359,-0.1298,0.00194
10,25,-15,-0.0173,0.1578,-1.586,0.02162,-0.1187,0.00954
10,25,-10,-0.0125,0.1176,-1.679,0.01954,-0.1496,-0.00506
10,25,-8,-0.01,0.1174,-1.734,0.01582,-0.1549,-0.00972
10,25,-6,-0.0087,0.0893,-1.749,0.0143,-0.1607,-0.0073
10,25,-4,-0.0077,0.0585,-1.774,0.0102,-0.1578,-0.00358
10,25,-2,-0.008,0.0286,-1.781,0.0053,-0.1567,-0.00136
10,25,0,-0.0073,0,-1.781,0,-0.1478,0
10,25,2,-0.0076,-0.0301,-1.769,-0.0056,-0.152,0.0012
10,25,4,-0.008,-0.0566,-1.774,-0.01188,-0.1473,0.0044
10,25,6,-0.0084,-0.0925,-1.738,-0.01606,-0.1504,0.00818
10,25,8,-0.0102,-0.1126,-1.728,-0.01424,-0.1624,0.00972
10,25,10,-0.0099,-0.1321,-1.714,-0.02096,-0.169,0.00552
10,25,15,-0.0148,-0.1714,-1.603,-0.023,-0.1394,-0.00928
10,25,20,-0.0168,-0.2647,-1.555,-0.03724,-0.1493,-0.00152
10,25,25,-0.0153,-0.385,-1.459,-0.05876,-0.1573,0.01322
10,25,30,-0.0187,-0.5025,-1.338,-0.07508,-0.1383,0.0243
10,30,-30,-0.034,0.3436,-1.496,0.07404,-0.0565,-0.01914
10,30,-25,-0.031,0.3226,-1.525,0.06108,-0.1487,0.0009
10,30,-20,-0.0303,0.2286,-1.619,0.0412,-0.1637,0.01912
10,30,-15,-0.0267,0.1396,-1.736,0.01942,-0.1813,0.02802
10,30,-10,-0.023,0.0825,-1.833,0.0062,-0.1803,0.0206
10,30,-8,-0.0179,0.0801,-1.874,0.01022,-0.1925,0.01024
10,30,-6,-0.0153,0.0757,-1.919,0.01032,-0.1922,0.00394
10,30,-4,-0.0137,0.0549,-1.95,0.00652,-0.1883,0.00454
10,30,-2,-0.0136,0.0287,-1.96,0.0059,-0.1871,0.00236
10,30,0,-0.0131,0,-1.957,0,-0.1852,0
10,30,2,-0.0123,-0.0289,-1.965,-0.00554,-0.1805,-0.00244
10,30,4,-0.0126,-0.0527,-1.945,-0.00766,-0.1836,-0.00702
10,30,6,-0.0154,-0.0724,-1.916,-0.00868,-0.195,-0.01046
10,30,8,-0.0171,-0.0939,-1.916,-0.00702,-0.1955,-0.01842
10,30,10,-0.0185,-0.1136,-1.888,-0.01142,-0.194,-0.02612
10,30,15,-0.0232,-0.1694,-1.769,-0.02456,-0.1941,-0.03376
10,30,20,-0.0258,-0.2589,-1.616,-0.04622,-0.1763,-0.02506
10,30,25,-0.0265,-0.3511,-1.568,-0.06618,-0.1621,-0.00664
10,30,30,-0.0295,-0.3742,-1.545,-0.07914,-0.0706,0.01376
10,35,-30,-0.0305,0.2437,-1.729,0.05124,-0.0628,0.01844
10,35,-25,-0.027,0.2267,-1.885,0.04602,-0.1401,0.04366
10,35,-20,-0.0242,0.1757,-2.043,0.04052,-0.1833,0.05758
10,35,-15,-0.0255,0.1307,-2.126,0.01804,-0.2301,0.05674
10,35,-10,-0.0196,0.0776,-2.211,0.00512,-0.2231,0.04476
10,35,-8,-0.0175,0.0602,-2.158,0.00266,-0.2135,0.04138
10,35,-6,-0.0131,0.0535,-2.14,0.00562,-0.2025,0.0275
10,35,-4,-0.0118,0.0407,-2.215,0.00468,-0.1989,0.02044
10,35,-2,-0.0101,0.0181,-2.205,-0.00104,-0.1987,0.0119
10,35,0,-0.0099,0,-2.185,0,-0.1957,0
10,35,2,-0.0118,-0.0214,-2.207,0.0006,-0.2012,-0.00856
10,35,4,-0.0097,-0.0537,-2.194,-0.00606,-0.2118,-0.01256
10,35,6,-0.0112,-0.0808,-2.156,-0.00668,-0.2137,-0.01888
10,35,8,-0.0145,-0.1009,-2.115,-0.00586,-0.2267,-0.02598
10,35,10,-0.0151,-0.1226,-2.101,-0.0061,-0.2303,-0.03252
10,35,15,-0.021,-0.1766,-1.983,-0.01946,-0.2376,-0.04604
10,35,20,-0.0197,-0.2208,-1.877,-0.0421,-0.1912,-0.04714
10,35,25,-0.0225,-0.2714,-1.713,-0.04744,-0.1482,-0.03258
10,35,30,-0.026,-0.2901,-1.639,-0.0527,-0.0678,-0.00702
10,40,-30,-0.0219,0.1976,-1.817,0.05358,-0.1004,0.03132
10,40,-25,-0.0223,0.1776,-1.874,0.0439,-0.1768,0.04126
10,40,-20,-0.0189,0.1566,-2.021,0.0337,-0.1732,0.0681
10,40,-15,-0.0179,0.1286,-2.103,0.01582,-0.2031,0.06626
10,40,-10,-0.0136,0.0906,-2.213,0.00732,-0.1913,0.04562
10,40,-8,-0.0132,0.0737,-2.327,0.01268,-0.1685,0.03384
10,40,-6,-0.0135,0.0593,-2.189,0.01658,-0.1744,0.0232
10,40,-4,-0.0105,0.0505,-2.269,0.00816,-0.1738,0.01712
10,40,-2,-0.0108,0.0188,-2.177,0.01072,-0.1913,0.00734
10,40,0,-0.0097,0,-2.287,0,-0.1821,0
10,40,2,-0.0111,-0.0286,-2.269,-0.00656,-0.1906,-0.00652
10,40,4,-0.012,-0.0516,-2.276,-0.01136,-0.1971,-0.01404
10,40,6,-0.0136,-0.0737,-2.382,-0.01812,-0.1711,-0.01678
10,40,8,-0.0144,-0.0938,-2.226,-0.01782,-0.2085,-0.02792
10,40,10,-0.0163,-0.1132,-2.205,-0.0221,-0.2082,-0.0346
10,40,15,-0.0206,-0.1503,-2.089,-0.0306,-0.2236,-0.05544
10,40,20,-0.0216,-0.1791,-2.008,-0.04852,-0.1891,-0.05686
10,40,25,-0.025,-0.1996,-1.888,-0.05872,-0.1945,-0.02656
10,40,30,-0.0246,-0.2195,-1.836,-0.06844,-0.1228,-0.00464
10,45,-30,-0.0129,0.1741,-1.629,0.05136,-0.1461,-0.00122
10,45,-25,-0.0112,0.1251,-1.697,0.05126,-0.0575,-0.00448
10,45,-20,-0.012,0.1201,-1.815,0.0383,-0.1136,0.01868
10,45,-15,-0.015,0.1321,-1.962,0.03372,-0.186,0.03828
10,45,-10,-0.012,0.111,-2.045,0.01858,-0.1576,0.03276
10,45,-8,-0.0103,0.0854,-2.136,0.01516,-0.1378,0.02586
10,45,-6,-0.015,0.055,-1.893,0.01192,-0.1275,0.0197
10,45,-4,-0.0088,0.0339,-2.141,0.00666,-0.1651,0.01248
10,45,-2,-0.0118,0.0183,-2.087,0.0019,-0.2101,0.00362
10,45,0,-0.0077,0,-2.203,0,-0.1467,0
10,45,2,-0.0079,-0.0544,-2.221,-0.01096,-0.1782,-0.0176
10,45,4,-0.0106,-0.0929,-2.201,-0.01124,-0.18,-0.03802
10,45,6,-0.0148,-0.1312,-2.073,-0.01328,-0.1911,-0.04844
10,45,8,-0.0102,-0.1581,-2.212,-0.01642,-0.1946,-0.05554
10,45,10,-0.0132,-0.1766,-2.133,-0.01912,-0.209,-0.06182
10,45,15,-0.0162,-0.1977,-2.076,-0.03422,-0.2435,-0.06638
10,45,20,-0.0132,-0.1859,-1.946,-0.03904,-0.164,-0.0475
10,45,25,-0.0124,-0.19,-1.786,-0.052,-0.114,-0.02454
10,45,30,-0.0141,-0.2385,-1.719,-0.0519,-0.214,-0.03124
25,-20,-30,-0.0273,0.3692,0.815,-0.019,-0.08331,-0.0478
25,-20,-25,-0.0326,0.2991,0.856,-0.0151,-0.113185,-0.049
25,-20,-20,-0.0349,0.2417,0.82,-0.0061,-0.1103,-0.0407
25,-20,-15,-0.0336,0.1692,0.819,0.0086,-0.20353,-0.0517
25,-20,-10,-0.0391,0.1078,0.841,0.0164,-0.23447,-0.0292
25,-20,-8,-0.0405,0.0874,0.872,0.0106,-0.262355,-0.0199
25,-20,-6,-0.0425,0.0837,0.823,0.0014,-0.25896,-0.0144
25,-20,-4,-0.0361,0.0572,0.817,-0.0027,-0.256825,-0.0106
25,-20,-2,-0.0379,0.026,0.85,0.0017,-0.25925,-0.0044
25,-20,0,-0.0389,0,0.85,0,-0.261835,0
25,-20,2,-0.0387,-0.0258,0.829,-0.0014,-0.26158,0.0041
25,-20,4,-0.0402,-0.0592,0.835,-0.0048,-0.25732,0.0061
25,-20,6,-0.0406,-0.0863,0.857,-0.0047,-0.254075,0.011
25,-20,8,-0.0429,-0.1209,0.864,-0.0083,-0.241015,0.0171
25,-20,10,-0.0404,-0.1504,0.866,-0.0069,-0.23987,0.0233
25,-20,15,-0.0349,-0.2106,0.832,-0.0011,-0.20065,0.0451
25,-20,20,-0.0362,-0.2836,0.851,0.0137,-0.1077,0.0337
25,-20,25,-0.0339,-0.3396,0.853,0.0233,-0.1105,0.0419
25,-20,30,-0.0286,-0.4106,0.815,-0.0184,-0.0812,0.0416
25,-15,-30,-0.043,0.4368,0.567,0.0011,-0.129,-0.0616
25,-15,-25,-0.0455,0.3797,0.574,0.0019,-0.16554,-0.0664
25,-15,-20,-0.0461,0.3249,0.557,0.0056,-0.18947,-0.0604
25,-15,-15,-0.0485,0.2636,0.578,0.00967,-0.2299,-0.053
25,-15,-10,-0.056,0.1826,0.561,0.0059,-0.296525,-0.0311
25,-15,-8,-0.0588,0.1456,0.549,0.0019,-0.31404,-0.0257
25,-15,-6,-0.0608,0.1068,0.548,0.0028,-0.32536,-0.0172
25,-15,-4,-0.0622,0.0701,0.535,0.006,-0.31707,-0.0098
25,-15,-2,-0.0657,0.0336,0.555,0.0021,-0.323405,-0.0053
25,-15,0,-0.0665,0,0.552,0,-0.318205,0
25,-15,2,-0.0659,-0.0337,0.548,-0.001,-0.31614,0.0037
25,-15,4,-0.0637,-0.0702,0.55,-0.0029,-0.312535,0.0098
25,-15,6,-0.0606,-0.11,0.553,-0.0034,-0.30542,0.0188
25,-15,8,-0.0627,-0.15,0.57,-0.0032,-0.30565,0.0253
25,-15,10,-0.0577,-0.1902,0.551,-0.0021,-0.305315,0.0321
25,-15,15,-0.0502,-0.2712,0.576,-0.0057,-0.236,0.0528
25,-15,20,-0.0478,-0.3332,0.553,-0.001,-0.19875,0.0606
25,-15,25,-0.0472,-0.3882,0.561,0.002,-0.17395,0.0668
25,-15,30,-0.0447,-0.4452,0.563,0.0034,-0.13135,0.0622
25,-10,-30,-0.0544,0.5,0.245,0.0021,-0.154165,-0.0688
25,-10,-25,-0.0609,0.4441,0.204,0.0026,-0.191375,-0.067
25,-10,-20,-0.0676,0.3671,0.182,0.0036,-0.22396,-0.0561
25,-10,-15,-0.0686,0.2896,0.188,0.0035,-0.2496,-0.0511
25,-10,-10,-0.0716,0.1871,0.199,0.0066,-0.2729,-0.035
25,-10,-8,-0.0739,0.1475,0.216,0.0028,-0.27992,-0.0264
25,-10,-6,-0.0761,0.1096,0.236,0.0023,-0.27763,-0.0207
25,-10,-4,-0.0786,0.0757,0.245,-0.002,-0.27604,-0.0136
25,-10,-2,-0.0821,0.0377,0.239,-0.0003,-0.271275,-0.0062
25,-10,0,-0.0875,0,0.238,0,-0.284345,0
25,-10,2,-0.0808,-0.0339,0.224,-0.0005,-0.26986,0.0059
25,-10,4,-0.078,-0.0708,0.214,-0.0011,-0.274765,0.0141
25,-10,6,-0.0758,-0.1108,0.216,-0.0016,-0.276175,0.0214
25,-10,8,-0.0745,-0.1513,0.211,-0.0025,-0.27853,0.0302
25,-10,10,-0.0714,-0.1949,0.203,-0.0054,-0.27433,0.0362
25,-10,15,-0.0684,-0.2978,0.189,-0.0012,-0.25,0.0519
25,-10,20,-0.0674,-0.3758,0.192,-0.0022,-0.22425,0.0569
25,-10,25,-0.0607,-0.4528,0.22,-0.0007,-0.19065,0.0603
25,-10,30,-0.0542,-0.5078,0.259,-0.0007,-0.1528,0.0692
25,-5,-30,-0.0513,0.5683,0.057,0.019,-0.14475,-0.0737
25,-5,-25,-0.0583,0.4913,0.041,0.0145,-0.1853,-0.0753
25,-5,-20,-0.0619,0.3913,0.051,0.0104,-0.20955,-0.0706
25,-5,-15,-0.0632,0.2943,0.047,0.0113,-0.2165,-0.054
25,-5,-10,-0.0684,0.1926,0.063,0.0091,-0.21265,-0.0404
25,-5,-8,-0.0722,0.149,0.06,0.0059,-0.21791,-0.0321
25,-5,-6,-0.0734,0.1125,0.06,0.0038,-0.21803,-0.0268
25,-5,-4,-0.0731,0.0723,0.06,0.0023,-0.218415,-0.0152
25,-5,-2,-0.0746,0.0369,0.085,0.0008,-0.22151,-0.0073
25,-5,0,-0.0749,0,0.086,0,-0.224695,0
25,-5,2,-0.0756,-0.0363,0.083,-0.0007,-0.223795,0.0068
25,-5,4,-0.0741,-0.0765,0.071,-0.0011,-0.22479,0.0156
25,-5,6,-0.0738,-0.1169,0.066,-0.0027,-0.224975,0.0242
25,-5,8,-0.0725,-0.1644,0.061,-0.0048,-0.22282,0.0335
25,-5,10,-0.0702,-0.2132,0.07,-0.0076,-0.21164,0.0431
25,-5,15,-0.066,-0.3148,0.046,-0.0104,-0.214965,0.0569
25,-5,20,-0.0647,-0.4118,0.046,-0.0098,-0.20855,0.0737
25,-5,25,-0.0611,-0.513,0.048,-0.0139,-0.18439,0.0771
25,-5,30,-0.0541,-0.5889,0.057,-0.0185,-0.14294,0.0767
25,0,-30,-0.0592,0.6293,-0.21,0.0348,-0.1376,-0.0921
25,0,-25,-0.0657,0.5313,-0.244,0.0303,-0.16575,-0.0831
25,0,-20,-0.0694,0.4173,-0.26,0.027,-0.1863,-0.0699
25,0,-15,-0.0716,0.3053,-0.29,0.0212,-0.19375,-0.0575
25,0,-10,-0.0733,0.2024,-0.3,0.0171,-0.196165,-0.0409
25,0,-8,-0.0754,0.1582,-0.288,0.0128,-0.19567,-0.0313
25,0,-6,-0.0769,0.1116,-0.303,0.0093,-0.201535,-0.0219
25,0,-4,-0.0775,0.0729,-0.293,0.0047,-0.202055,-0.0138
25,0,-2,-0.0789,0.0374,-0.299,0.0022,-0.207805,-0.0061
25,0,0,-0.0788,0,-0.303,0,-0.206965,0
25,0,2,-0.0785,-0.0374,-0.304,-0.0026,-0.20638,0.0074
25,0,4,-0.0774,-0.0776,-0.308,-0.0056,-0.20638,0.0155
25,0,6,-0.0758,-0.1223,-0.314,-0.0095,-0.20774,0.0239
25,0,8,-0.0747,-0.1712,-0.314,-0.0139,-0.204115,0.0335
25,0,10,-0.073,-0.2158,-0.316,-0.017,-0.201545,0.0423
25,0,15,-0.0729,-0.3196,-0.303,-0.0211,-0.200245,0.0581
25,0,20,-0.0707,-0.4308,-0.287,-0.0271,-0.189505,0.0709
25,0,25,-0.0662,-0.5443,-0.26,-0.0304,-0.165685,0.0848
25,0,30,-0.0605,-0.6426,-0.226,-0.0349,-0.14276,0.0935
25,5,-30,-0.0592,0.6397,-0.427,0.0499,-0.1417,-0.0837
25,5,-25,-0.0598,0.5367,-0.492,0.043,-0.1456,-0.071
25,5,-20,-0.0644,0.4267,-0.56,0.0412,-0.17345,-0.0633
25,5,-15,-0.0685,0.3097,-0.609,0.0328,-0.19585,-0.0517
25,5,-10,-0.0639,0.2042,-0.627,0.0249,-0.194555,-0.0401
25,5,-8,-0.0658,0.163,-0.616,0.0202,-0.194475,-0.0317
25,5,-6,-0.0683,0.1174,-0.621,0.0155,-0.195495,-0.0221
25,5,-4,-0.0711,0.0775,-0.624,0.011,-0.19892,-0.0122
25,5,-2,-0.0737,0.0394,-0.628,0.0071,-0.2041,-0.0044
25,5,0,-0.0752,0,-0.639,0,-0.20639,0
25,5,2,-0.0748,-0.0352,-0.631,-0.0073,-0.209255,0.0043
25,5,4,-0.0707,-0.0785,-0.655,-0.013,-0.207495,0.0125
25,5,6,-0.0668,-0.1189,-0.642,-0.0166,-0.19809,0.0219
25,5,8,-0.0657,-0.1689,-0.63,-0.0219,-0.19316,0.0324
25,5,10,-0.0638,-0.215,-0.631,-0.0269,-0.193265,0.0417
25,5,15,-0.0674,-0.3218,-0.601,-0.0347,-0.19493,0.0562
25,5,20,-0.0632,-0.4364,-0.563,-0.0425,-0.174105,0.0679
25,5,25,-0.0588,-0.5448,-0.484,-0.0442,-0.151005,0.0749
25,5,30,-0.0573,-0.6496,-0.428,-0.0507,-0.12114,0.0882
25,10,-30,-0.0457,0.6132,-0.639,0.0597,-0.0992,-0.0766
25,10,-25,-0.0575,0.5192,-0.689,0.0549,-0.1287,-0.0722
25,10,-20,-0.0553,0.4302,-0.769,0.0485,-0.1492,-0.0666
25,10,-15,-0.061,0.3142,-0.828,0.0379,-0.1688,-0.0546
25,10,-10,-0.0598,0.208,-0.901,0.0266,-0.181415,-0.0411
25,10,-8,-0.0637,0.1631,-0.929,0.0208,-0.180355,-0.0329
25,10,-6,-0.0668,0.1187,-0.945,0.0156,-0.189645,-0.0236
25,10,-4,-0.0723,0.0784,-0.957,0.0107,-0.199305,-0.0143
25,10,-2,-0.0763,0.037,-0.964,0.0064,-0.20837,-0.0063
25,10,0,-0.0727,0,-0.97,0,-0.20053,0
25,10,2,-0.0739,-0.0378,-0.969,-0.005,-0.203805,0.005
25,10,4,-0.072,-0.0774,-0.957,-0.0136,-0.19705,0.0129
25,10,6,-0.0672,-0.1228,-0.962,-0.0189,-0.193395,0.0221
25,10,8,-0.0626,-0.1664,-0.942,-0.0232,-0.180765,0.0308
25,10,10,-0.0612,-0.2153,-0.934,-0.0288,-0.18005,0.0398
25,10,15,-0.0624,-0.3196,-0.882,-0.0383,-0.1699,0.0531
25,10,20,-0.0567,-0.4353,-0.831,-0.0491,-0.15101,0.0652
25,10,25,-0.0517,-0.5237,-0.743,-0.0548,-0.12878,0.0705
25,10,30,-0.0471,-0.6177,-0.659,-0.0594,-0.10171,0.0744
25,15,-30,-0.044,0.5416,-0.893,0.0506,-0.1114,-0.0491
25,15,-25,-0.0491,0.4876,-1.009,0.0479,-0.1223,-0.0594
25,15,-20,-0.0532,0.4126,-1.128,0.0435,-0.14645,-0.0602
25,15,-15,-0.0575,0.3066,-1.205,0.039,-0.16495,-0.0532
25,15,-10,-0.0609,0.2023,-1.237,0.0299,-0.15407,-0.0396
25,15,-8,-0.0639,0.1576,-1.242,0.0256,-0.15253,-0.0304
25,15,-6,-0.0677,0.1168,-1.2484,0.0201,-0.15914,-0.0206
25,15,-4,-0.0679,0.0718,-1.29,0.0139,-0.155485,-0.0121
25,15,-2,-0.0649,0.0377,-1.3,0.0074,-0.14831,-0.0055
25,15,0,-0.0636,0,-1.28,0,-0.131915,0
25,15,2,-0.0695,-0.0368,-1.263,-0.0078,-0.13368,0.003
25,15,4,-0.0715,-0.0784,-1.265,-0.0154,-0.147015,0.011
25,15,6,-0.07,-0.1194,-1.261,-0.0206,-0.156875,0.0197
25,15,8,-0.0672,-0.1636,-1.266,-0.0258,-0.16275,0.0297
25,15,10,-0.0627,-0.2096,-1.261,-0.0328,-0.15355,0.0394
25,15,15,-0.0593,-0.3143,-1.216,-0.0362,-0.166625,0.0502
25,15,20,-0.055,-0.4223,-1.123,-0.0412,-0.15011,0.0589
25,15,25,-0.0509,-0.4947,-0.996,-0.0456,-0.12379,0.0583
25,15,30,-0.0458,-0.5499,-0.905,-0.048,-0.114325,0.0479
25,20,-30,-0.0524,0.475,-1.046,0.0415,-0.1023,-0.0073
25,20,-25,-0.044,0.375,-1.163,0.0314,-0.10245,-0.0055
25,20,-20,-0.0452,0.295,-1.268,0.0292,-0.12,-0.012
25,20,-15,-0.0507,0.23,-1.404,0.0188,-0.1479,-0.0193
25,20,-10,-0.0712,0.1576,-1.488,0.0132,-0.192285,-0.0219
25,20,-8,-0.0784,0.1254,-1.504,0.0119,-0.197045,-0.0182
25,20,-6,-0.0786,0.0919,-1.505,0.0068,-0.19354,-0.008
25,20,-4,-0.0815,0.059,-1.479,0.0059,-0.186575,-0.0047
25,20,-2,-0.0849,0.0282,-1.49,0.0008,-0.189875,-0.0008
25,20,0,-0.0875,0,-1.491,0,-0.187575,0
25,20,2,-0.0888,-0.0313,-1.526,-0.0077,-0.18849,0.004
25,20,4,-0.0803,-0.067,-1.52,-0.0142,-0.18011,0.0071
25,20,6,-0.0871,-0.1023,-1.544,-0.0119,-0.218755,0.0185
25,20,8,-0.0839,-0.1374,-1.561,-0.0112,-0.221775,0.0262
25,20,10,-0.0864,-0.171,-1.58,-0.0157,-0.233145,0.0315
25,20,15,-0.0659,-0.2452,-1.482,-0.0201,-0.188645,0.0288
25,20,20,-0.0604,-0.3089,-1.366,-0.0306,-0.162245,0.0217
25,20,25,-0.0574,-0.3869,-1.25,-0.0327,-0.14239,0.0148
25,20,30,-0.0676,-0.488,-1.141,-0.0421,-0.141765,0.0164
25,25,-30,-0.043,0.4878,-1.299,0.0739,-0.11625,-0.0087
25,25,-25,-0.05,0.3708,-1.427,0.0548,-0.13905,-0.0007
25,25,-20,-0.0575,0.2508,-1.525,0.0341,-0.1422,0.0074
25,25,-15,-0.0612,0.1578,-1.601,0.0209,-0.13705,0.0144
25,25,-10,-0.0766,0.1176,-1.701,0.0139,-0.19139,-0.0038
25,25,-8,-0.0811,0.1174,-1.76,0.0091,-0.212585,-0.0102
25,25,-6,-0.0851,0.0893,-1.772,0.0095,-0.22278,-0.0091
25,25,-4,-0.0865,0.0585,-1.798,0.0075,-0.22268,-0.0046
25,25,-2,-0.0891,0.0286,-1.807,0.0041,-0.224715,-0.0016
25,25,0,-0.0824,0,-1.806,0,-0.215675,0
25,25,2,-0.0871,-0.0301,-1.793,-0.0053,-0.21759,0.0018
25,25,4,-0.0847,-0.0566,-1.799,-0.0105,-0.212855,0.0053
25,25,6,-0.0839,-0.0925,-1.761,-0.0127,-0.213485,0.0101
25,25,8,-0.0858,-0.1126,-1.753,-0.0077,-0.22869,0.0126
25,25,10,-0.0866,-0.1321,-1.739,-0.0134,-0.239175,0.0087
25,25,15,-0.0713,-0.1714,-1.618,-0.0203,-0.18006,-0.01
25,25,20,-0.0675,-0.2647,-1.568,-0.0334,-0.18686,-0.0026
25,25,25,-0.06,-0.385,-1.465,-0.0554,-0.179825,0.0056
25,25,30,-0.053,-0.5025,-1.339,-0.074,-0.15805,0.0132
25,30,-30,-0.0642,0.3436,-1.496,0.0723,-0.06065,-0.0081
25,30,-25,-0.07,0.3226,-1.53,0.0579,-0.1574,0.0093
25,30,-20,-0.073,0.2286,-1.629,0.0388,-0.1754,0.0286
25,30,-15,-0.0864,0.1396,-1.752,0.0133,-0.1974,0.0327
25,30,-10,-0.0879,0.0825,-1.854,-0.0004,-0.198255,0.0218
25,30,-8,-0.0847,0.0801,-1.895,0.0056,-0.21116,0.0085
25,30,-6,-0.0842,0.0757,-1.944,0.0051,-0.21301,0.0016
25,30,-4,-0.0846,0.0549,-1.976,0.0022,-0.20869,0.0028
25,30,-2,-0.0867,0.0287,-1.989,0.0035,-0.209445,0.0014
25,30,0,-0.0854,0,-1.983,0,-0.2065,0
25,30,2,-0.0842,-0.0289,-1.991,-0.0044,-0.20004,-0.0013
25,30,4,-0.0843,-0.0527,-1.969,-0.0049,-0.20689,-0.006
25,30,6,-0.0842,-0.0724,-1.941,-0.0052,-0.218225,-0.0086
25,30,8,-0.0822,-0.0939,-1.943,-0.0024,-0.216625,-0.0159
25,30,10,-0.0785,-0.1136,-1.915,-0.0059,-0.21394,-0.0239
25,30,15,-0.078,-0.1694,-1.783,-0.0194,-0.20838,-0.0346
25,30,20,-0.0636,-0.2589,-1.63,-0.0446,-0.18884,-0.0313
25,30,25,-0.0606,-0.3511,-1.576,-0.0639,-0.14751,-0.0115
25,30,30,-0.0548,-0.3742,-1.55,-0.0783,-0.07293,0.0062
25,35,-30,-0.0575,0.2437,-1.654,0.0489,-0.0566,0.0254
25,35,-25,-0.0548,0.2267,-1.779,0.0432,-0.131,0.0505
25,35,-20,-0.0638,0.1757,-1.912,0.038,-0.17285,0.064
25,35,-15,-0.0775,0.1307,-1.985,0.0166,-0.2182,0.0589
25,35,-10,-0.0818,0.0776,-2.07,0.0011,-0.21192,0.0468
25,35,-8,-0.0828,0.0602,-2.057,-0.0037,-0.20337,0.0439
25,35,-6,-0.0822,0.0535,-2.08,-0.0035,-0.193885,0.0293
25,35,-4,-0.0847,0.0407,-2.129,0.0012,-0.190635,0.0202
25,35,-2,-0.085,0.0181,-2.13,-0.0059,-0.19052,0.0119
25,35,0,-0.0821,0,-2.125,0,-0.187695,0
25,35,2,-0.0822,-0.0214,-2.113,-0.0006,-0.193,-0.0079
25,35,4,-0.0812,-0.0537,-2.108,-0.0066,-0.20319,-0.0113
25,35,6,-0.0813,-0.0808,-2.085,-0.0053,-0.204925,-0.0187
25,35,8,-0.0833,-0.1009,-2.054,-0.0031,-0.21752,-0.0255
25,35,10,-0.0798,-0.1226,-2.037,-0.0016,-0.22073,-0.0321
25,35,15,-0.0755,-0.1766,-1.939,-0.0182,-0.227375,-0.0485
25,35,20,-0.0618,-0.2208,-1.854,-0.04,-0.182385,-0.0538
25,35,25,-0.0528,-0.2714,-1.713,-0.0448,-0.14072,-0.0396
25,35,30,-0.0555,-0.2901,-1.63,-0.0506,-0.06306,-0.0144
25,40,-30,-0.0497,0.1976,-1.743,0.0507,-0.08035,0.033
25,40,-25,-0.0502,0.1776,-1.8,0.0445,-0.1487,0.0496
25,40,-20,-0.0552,0.1566,-1.947,0.0334,-0.1515,0.069
25,40,-15,-0.0625,0.1286,-2.029,0.0136,-0.1781,0.0689
25,40,-10,-0.0697,0.0906,-2.139,0.0042,-0.16936,0.0473
25,40,-8,-0.0676,0.0737,-2.253,0.0083,-0.151215,0.0351
25,40,-6,-0.0795,0.0593,-2.115,0.0125,-0.15659,0.0259
25,40,-4,-0.0785,0.0505,-2.195,0.0039,-0.155375,0.0194
25,40,-2,-0.0828,0.0188,-2.103,0.0103,-0.1688,0.0086
25,40,0,-0.0806,0,-2.213,0,-0.1625,0
25,40,2,-0.0819,-0.0286,-2.195,-0.0053,-0.170345,-0.0073
25,40,4,-0.0794,-0.0516,-2.202,-0.0095,-0.176585,-0.0147
25,40,6,-0.0783,-0.0737,-2.308,-0.0162,-0.16394,-0.0187
25,40,8,-0.077,-0.0938,-2.152,-0.0126,-0.188785,-0.0299
25,40,10,-0.077,-0.1132,-2.131,-0.0173,-0.18839,-0.037
25,40,15,-0.0698,-0.1503,-2.015,-0.0267,-0.19992,-0.0588
25,40,20,-0.0625,-0.1791,-1.934,-0.0466,-0.16984,-0.058
25,40,25,-0.0575,-0.1996,-1.814,-0.0577,-0.168405,-0.0304
25,40,30,-0.057,-0.2195,-1.762,-0.064,-0.10369,-0.0137
25,45,-30,-0.0515,0.1741,-1.779,0.0534,-0.05545,-0.0035
25,45,-25,-0.0485,0.1251,-2.058,0.0542,-0.029,-0.0055
25,45,-20,-0.0621,0.1201,-1.999,0.0431,-0.0653,0.0146
25,45,-15,-0.0684,0.1321,-1.962,0.0384,-0.1264,0.0357
25,45,-10,-0.0705,0.111,-1.982,0.0196,-0.115715,0.033
25,45,-8,-0.0668,0.0854,-2.108,0.0142,-0.10811,0.0255
25,45,-6,-0.071,0.055,-1.993,0.0106,-0.122425,0.0194
25,45,-4,-0.0699,0.0339,-2.149,0.0051,-0.121885,0.0117
25,45,-2,-0.0772,0.0183,-1.931,0.0019,-0.14625,0.002
25,45,0,-0.071,0,-2.224,0,-0.111335,0
25,45,2,-0.0743,-0.0544,-2.137,-0.0097,-0.13174,-0.0185
25,45,4,-0.0744,-0.0929,-2.12,-0.0095,-0.13838,-0.0397
25,45,6,-0.076,-0.1312,-2.09,-0.0107,-0.15585,-0.0515
25,45,8,-0.0668,-0.1581,-2.201,-0.0151,-0.150375,-0.0589
25,45,10,-0.0688,-0.1766,-2.103,-0.0157,-0.16316,-0.0629
25,45,15,-0.0667,-0.1977,-2,-0.0344,-0.17661,-0.0638
25,45,20,-0.0604,-0.1859,-1.983,-0.0397,-0.11246,-0.0445
25,45,25,-0.0468,-0.19,-2.176,-0.0508,-0.077285,-0.0246
25,45,30,-0.0498,-0.2385,-1.892,-0.0495,-0.109135,-0.0361
