bin_center_ time[s]            ,count_ time[s]            ,density_ time[s]            ,normal_pdf_ time[s]            ,bin_center_ dt[s]              ,count_ dt[s]              ,density_ dt[s]              ,normal_pdf_ dt[s]              ,bin_center_ u[ft/s]            ,count_ u[ft/s]            ,density_ u[ft/s]            ,normal_pdf_ u[ft/s]            ,bin_center_ v[ft/s]            ,count_ v[ft/s]            ,density_ v[ft/s]            ,normal_pdf_ v[ft/s]            ,bin_center_ w[ft/s]            ,count_ w[ft/s]            ,density_ w[ft/s]            ,normal_pdf_ w[ft/s]            ,bin_center_ p[rad/s]           ,count_ p[rad/s]           ,density_ p[rad/s]           ,normal_pdf_ p[rad/s]           ,bin_center_ q[rad/s]           ,count_ q[rad/s]           ,density_ q[rad/s]           ,normal_pdf_ q[rad/s]           ,bin_center_ r[rad/s]           ,count_ r[rad/s]           ,density_ r[rad/s]           ,normal_pdf_ r[rad/s]           ,bin_center_ x[ft]              ,count_ x[ft]              ,density_ x[ft]              ,normal_pdf_ x[ft]              ,bin_center_ y[ft]              ,count_ y[ft]              ,density_ y[ft]              ,normal_pdf_ y[ft]              ,bin_center_ z[ft]              ,count_ z[ft]              ,density_ z[ft]              ,normal_pdf_ z[ft]              ,bin_center_ e0                 ,count_ e0                 ,density_ e0                 ,normal_pdf_ e0                 ,bin_center_ ex                 ,count_ ex                 ,density_ ex                 ,normal_pdf_ ex                 ,bin_center_ ey                 ,count_ ey                 ,density_ ey                 ,normal_pdf_ ey                 ,bin_center_ ez                 ,count_ ez                 ,density_ ez                 ,normal_pdf_ ez                 ,bin_center_ aileron[deg]       ,count_ aileron[deg]       ,density_ aileron[deg]       ,normal_pdf_ aileron[deg]       ,bin_center_ elevator[deg]      ,count_ elevator[deg]      ,density_ elevator[deg]      ,normal_pdf_ elevator[deg]      ,bin_center_ rudder[deg]        ,count_ rudder[deg]        ,density_ rudder[deg]        ,normal_pdf_ rudder[deg]        ,bin_center_ throttle           ,count_ throttle           ,density_ throttle           ,normal_pdf_ throttle           ,bin_center_ d_aileron          ,count_ d_aileron          ,density_ d_aileron          ,normal_pdf_ d_aileron          ,bin_center_ d_elevator         ,count_ d_elevator         ,density_ d_elevator         ,normal_pdf_ d_elevator         ,bin_center_ d_rudder           ,count_ d_rudder           ,density_ d_rudder           ,normal_pdf_ d_rudder           ,bin_center_ d_throttle         ,count_ d_throttle         ,density_ d_throttle         ,normal_pdf_ d_throttle         ,bin_center_ aileron_sp[deg]    ,count_ aileron_sp[deg]    ,density_ aileron_sp[deg]    ,normal_pdf_ aileron_sp[deg]    ,bin_center_ elevator_sp[deg]   ,count_ elevator_sp[deg]   ,density_ elevator_sp[deg]   ,normal_pdf_ elevator_sp[deg]   ,bin_center_ rudder_sp[deg]     ,count_ rudder_sp[deg]     ,density_ rudder_sp[deg]     ,normal_pdf_ rudder_sp[deg]     ,bin_center_ throttle_sp[none]  ,count_ throttle_sp[none]  ,density_ throttle_sp[none]  ,normal_pdf_ throttle_sp[none]  
10.0,10000,1.0,1.0,0.009999999999995804,0,0.0,117865247333.95761,295.3741007584209,1,7.069036855022443e-05,1.5987815719747253e-06,-83.24535265880208,0,0.0,8.025429003226613e-06,-25.917649660363224,1,4.163764176278538e-05,9.179691520956525e-06,-0.5632377427141397,0,0.0,0.0011764160938085293,-0.17076659565848884,1,0.021070855882759885,0.0013529573587192476,-0.3263294160989714,1,0.010604190562774698,0.00014149507910899014,3321.6380826428613,0,0.0,3.7820630642031215e-06,-549.2608577073238,0,0.0,1.2008441149740019e-06,-3241.545458464634,1,1.3366938925050927e-05,4.953983225120463e-07,0.8862438456525283,1,0.047346889862311045,6.397218116271473e-18,-0.4417716693119115,0,0.0,0.001496897857877173,-0.07503747898368436,1,0.02509324791314165,0.0007485360702753693,-0.26410625270144256,0,0.0,0.002499668364388291,0.0,10000,1.0,1.0,-9.258535573719072,0,0.0,161318972.9848164,0.0,10000,1.0,1.0,0.07553867485534368,0,0.0,14755151965.761383,0.0,10000,1.0,1.0,0.0,10000,1.0,1.0,0.0,10000,1.0,1.0,0.0,10000,1.0,1.0,0.0,10000,1.0,1.0,-9.258535573719072,0,0.0,161318972.9848164,0.0,10000,1.0,1.0,0.07553867485534368,0,0.0,14755151965.761383
,,,,0.009999999999995967,0,0.0,183798743098.13,296.7887206288627,2,0.00014138073710044885,2.7345050219257186e-06,-80.73925651804348,0,0.0,1.2723226119473447e-05,-23.51597666049181,1,4.163764176278538e-05,1.5059095650036752e-05,-0.546924381282833,1,0.006129944488821971,0.001834100628803715,-0.16602070396066657,0,0.0,0.0022129524159617254,-0.31689918194691424,0,0.0,0.00025829928982764433,3326.71237691192,0,0.0,5.896454732928126e-06,-533.2793487898903,0,0.0,1.8721853245298544e-06,-3234.064314085902,0,0.0,8.296789111133628e-07,0.888355916799985,0,0.0,3.7148808805333966e-17,-0.4289509542371229,1,0.007799876950439814,0.002333750206952122,-0.07105234320747308,0,0.0,0.0013037388449655487,-0.2564287138705661,0,0.0,0.0038971273370487433,,,,,-9.258535573718955,0,0.0,249517678.08240187,,,,,0.07553867485534499,0,0.0,23021231558.663734,,,,,,,,,,,,,,,,,,,,,-9.258535573718955,0,0.0,249517678.08240187,,,,,0.07553867485534499,0,0.0,23021231558.663734
,,,,0.00999999999999613,0,0.0,282891924252.4046,298.20334049930443,0,0.0,4.6081134799744295e-06,-78.23316037728489,1,3.990269901206989e-05,1.9888604755338933e-05,-21.114303660620394,0,0.0,2.4303724544651135e-05,-0.5306110198515261,0,0.0,0.0028223634844432954,-0.1612748122628443,0,0.0,0.003569320770325556,-0.3074689477948571,0,0.0,0.0004632950009641939,3331.7866711809784,1,1.9707173982747374e-05,9.073623477651502e-06,-517.2978398724566,0,0.0,2.880969240771774e-06,-3226.58316970717,1,1.3366938925050927e-05,1.3696023763543837e-06,0.8904679879474419,0,0.0,2.0797517959634462e-16,-0.41613023916233427,0,0.0,0.0035912377229867583,-0.0670672074312618,0,0.0,0.0022341114176204135,-0.24875117503968958,1,0.01302500738880451,0.005997004590465813,,,,,-9.258535573718834,0,0.0,385953315.60209167,,,,,0.0755386748553463,0,0.0,35450374289.96466,,,,,,,,,,,,,,,,,,,,,-9.258535573718834,0,0.0,385953315.60209167,,,,,0.0755386748553463,0,0.0,35450374289.96466
,,,,0.009999999999996293,0,0.0,429753883361.98157,299.61796036974624,0,0.0,7.651074918302163e-06,-75.7270642365263,1,3.990269901206989e-05,3.065416366009624e-05,-18.71263066074898,3,0.00012491292528835613,3.858779074548903e-05,-0.5142976584202195,2,0.012259888977643942,0.0042867712733719275,-0.156528920565022,0,0.0,0.005677074845348807,-0.2980387136428,0,0.0,0.0008164781036357358,3336.8609654500374,0,0.0,1.3781551768149592e-05,-501.3163309550231,2,1.2514462872891075e-05,4.37578513500525e-06,-3219.102025328438,0,0.0,2.228475585398657e-06,0.8925800590948987,0,0.0,1.1225120327049127e-15,-0.4033095240875456,0,0.0,0.005454582583570346,-0.0630820716550505,0,0.0,0.0037666511563543724,-0.24107363620881306,0,0.0,0.009108602469663583,,,,,-9.258535573718714,0,0.0,589061357.0626826,,,,,0.07553867485534758,0,0.0,53643415312.4502,,,,,,,,,,,,,,,,,,,,,-9.258535573718714,0,0.0,589061357.0626826,,,,,0.07553867485534758,0,0.0,53643415312.4502
,,,,0.009999999999996456,0,0.0,644377425141.2495,301.03258024018805,0,0.0,1.2516318104831964e-05,-73.22096809576772,0,0.0,4.658570898495118e-05,-16.31095766087757,3,0.00012491292528835613,6.027401656661645e-05,-0.4979842969889126,4,0.024519777955287883,0.006426511087441959,-0.1517830288671997,0,0.0,0.008904082960492925,-0.28860847949074286,0,0.0,0.0014137870413886402,3341.9352597190964,0,0.0,2.0660606687910357e-05,-485.33482203758956,0,0.0,6.559956175188047e-06,-3211.6208809497057,1,1.3366938925050927e-05,3.573964134686399e-06,0.8946921302423554,0,0.0,5.84094858979809e-15,-0.390488809012757,0,0.0,0.008177234850020244,-0.05909693587883921,2,0.0501864958262833,0.006248018727882315,-0.23339609737793654,1,0.01302500738880451,0.01365515700032907,,,,,-9.258535573718596,0,0.0,876660714.3894796,,,,,0.07553867485534889,0,0.0,80479276196.39378,,,,,,,,,,,,,,,,,,,,,-9.258535573718596,0,0.0,876660714.3894796,,,,,0.07553867485534889,0,0.0,80479276196.39378
,,,,0.00999999999999662,0,0.0,953634758018.9193,302.44720011062975,3,0.00021207110565067328,2.017370095717054e-05,-70.71487195500913,0,0.0,6.980620528112499e-05,-13.909284661006156,3,0.00012491292528835613,9.262185815616612e-05,-0.4816709355576058,1,0.006129944488821971,0.009509283448232571,-0.1470371371693774,0,0.0,0.013771438679170639,-0.27917824533868574,0,0.0,0.002405337251131891,3347.009553988155,4,7.88286959309895e-05,3.057141931828335e-05,-469.3533131201559,2,1.2514462872891075e-05,9.706741625287874e-06,-3204.1397365709736,0,0.0,5.649648513245497e-06,0.8968042013898121,0,0.0,2.9301418404387445e-14,-0.3776680939379684,2,0.015599753900879629,0.012099822587026746,-0.055111800102627936,1,0.02509324791314165,0.01019683976255257,-0.22571855854706002,1,0.01302500738880451,0.020205482676282582,,,,,-9.258535573718476,0,0.0,1303204948.3942783,,,,,0.0755386748553502,0,0.0,119167851266.46121,,,,,,,,,,,,,,,,,,,,,-9.258535573718476,0,0.0,1303204948.3942783,,,,,0.0755386748553502,0,0.0,119167851266.46121
,,,,0.009999999999996782,0,0.0,1392980618692.77,303.86181998107156,2,0.00014138073710044885,3.203682095601026e-05,-68.20877581425053,3,0.00011970809703620967,0.00010313674805743808,-11.507611661134742,3,0.00012491292528835613,0.00014002319522017837,-0.465357574126299,5,0.030649722444109854,0.013888262191466536,-0.14229124547155514,0,0.0,0.02100365928482641,-0.26974801118662856,1,0.010604190562774698,0.0040208741838218855,3352.0838482572135,8,0.000157657391861979,4.464940911362689e-05,-453.3718042027224,0,0.0,1.4176648897964663e-05,-3196.6585921922415,0,0.0,8.80281549022875e-06,0.8989162725372689,1,0.047346889862311045,1.417120516556441e-13,-0.36484737886317975,1,0.007799876950439814,0.017671731994705665,-0.051126664326416646,1,0.02509324791314165,0.016372885192795894,-0.21804101971618356,1,0.01302500738880451,0.02951000910226349,,,,,-9.258535573718358,0,0.0,1890495966.471899,,,,,0.0755386748553515,0,0.0,174157250840.0214,,,,,,,,,,,,,,,,,,,,,-9.258535573718358,0,0.0,1890495966.471899,,,,,0.0755386748553515,0,0.0,174157250840.0214
,,,,0.009999999999996945,0,0.0,2008303399087.6255,305.2764398515134,2,0.00014138073710044885,5.0126582682742294e-05,-65.70267967349193,3,0.00011970809703620967,0.0001502487683504744,-9.105938661263329,7,0.0002914634923394976,0.0002082522085451799,-0.44904421269499223,5,0.030649722444109854,0.0200205315092435,-0.13754535377373284,0,0.0,0.03158902007319933,-0.26031777703457143,1,0.010604190562774698,0.00660415894135413,3357.158142526273,2,3.941434796549475e-05,6.436405719484208e-05,-437.39029528528886,3,1.8771694309336614e-05,2.043625343792654e-05,-3189.1774478135094,1,1.3366938925050927e-05,1.35191908336946e-05,0.9010283436847257,2,0.09469377972462209,6.607509693136666e-13,-0.3520266637883912,3,0.023399630851319443,0.02547456710892862,-0.047141528550205355,1,0.02509324791314165,0.02586551847420354,-0.21036348088530704,3,0.03907502216641352,0.04253995632606522,,,,,-9.258535573718238,0,0.0,2737236662.6805515,,,,,0.0755386748553528,0,0.0,251206815256.8851,,,,,,,,,,,,,,,,,,,,,-9.258535573718238,0,0.0,2737236662.6805515,,,,,0.0755386748553528,0,0.0,251206815256.8851
,,,,0.009999999999997108,0,0.0,2857819663400.28,306.6910597219551,5,0.0003534518427511221,7.727546568577372e-05,-63.19658353273334,7,0.00027931889308448925,0.00021581741702304138,-6.704265661391917,3,0.00012491292528835613,0.00030470696816249914,-0.43273085126368543,5,0.030649722444109854,0.028485961406054316,-0.13279946207591056,2,0.04214171176551977,0.04684927559963444,-0.2508875428825143,2,0.021208381125549396,0.010657787968356454,3362.2324367953315,7,0.00013795021787923163,9.157958910045906e-05,-421.4087863678552,4,2.502892574578215e-05,2.9077466122632367e-05,-3181.6963034347773,2,2.6733877850101855e-05,2.046485764213867e-05,0.9031404148321824,0,0.0,2.970172780156776e-12,-0.33920594871360255,4,0.031199507801759258,0.03624616734904574,-0.04315639277399408,2,0.0501864958262833,0.04020254158327039,-0.20268594205443052,3,0.03907502216641352,0.06052744171951912,,,,,-9.258535573718117,0,0.0,3910580615.5536203,,,,,0.0755386748553541,0,0.0,356308966792.6532,,,,,,,,,,,,,,,,,,,,,-9.258535573718117,0,0.0,3910580615.5536203,,,,,0.0755386748553541,0,0.0,356308966792.6532
,,,,0.00999999999999727,0,0.0,3999650245708.3276,308.1056795923969,2,0.00014138073710044885,0.00011737348847155177,-60.690487391974756,9,0.000359124291108629,0.0003056610800435052,-4.302592661520503,10,0.0004163764176278538,0.0004386097625871979,-0.41641748983237864,9,0.05516950039939774,0.04000495095810123,-0.1280535703780883,2,0.04214171176551977,0.06851649580921122,-0.24145730873045712,1,0.010604190562774698,0.01689931733399382,3367.30673106439,6,0.00011824304389648425,0.00012861201763575384,-405.4272774504217,3,1.8771694309336614e-05,4.083564495648463e-05,-3174.215159056045,1,1.3366938925050927e-05,3.0534842722214795e-05,0.9052524859796391,1,0.047346889862311045,1.2871776791301483e-11,-0.32638523363881394,7,0.0545991386530787,0.05090318443349145,-0.03917125699778279,4,0.1003729916525666,0.06147834690468917,-0.195008403223554,4,0.05210002955521804,0.08500318114922581,,,,,-9.258535573718,0,0.0,5458325333.882766,,,,,0.0755386748553554,0,0.0,500716587658.9514,,,,,,,,,,,,,,,,,,,,,-9.258535573718,0,0.0,5458325333.882766,,,,,0.0755386748553554,0,0.0,500716587658.9514
,,,,0.009999999999997433,0,0.0,5545368605022.644,309.5202994628387,3,0.00021207110565067328,0.00017565205812460465,-58.18439125121617,17,0.0006783458832051881,0.00042684665193823434,-1.9009196616490893,14,0.0005829269846789952,0.0006211226118546009,-0.40010412840107185,7,0.0429096114217538,0.05545289006585721,-0.12330767868026599,2,0.04214171176551977,0.09881274040151207,-0.2320270745784,4,0.04241676225109879,0.026328357877635367,3372.381025333449,13,0.0002561932617757159,0.00017827563599748383,-389.44576853298815,8,5.00578514915643e-05,5.660435711849689e-05,-3166.734014677313,2,2.6733877850101855e-05,4.4906744980228894e-05,0.907364557127096,0,0.0,5.3778436023756365e-11,-0.31356451856402534,3,0.023399630851319443,0.07055948383360881,-0.0351861212215715,2,0.0501864958262833,0.09249690525701669,-0.18733086439267754,9,0.11722506649924058,0.11782721754747251,,,,,-9.258535573717879,0,0.0,7595278976.357191,,,,,0.0755386748553567,0,0.0,694487784264.5868,,,,,,,,,,,,,,,,,,,,,-9.258535573717879,0,0.0,7595278976.357191,,,,,0.0755386748553567,0,0.0,694487784264.5868
,,,,0.009999999999997596,0,0.0,7588572199456.288,310.9349193332805,1,7.069036855022443e-05,0.00025899496538059634,-55.67829511045757,14,0.0005586377861689785,0.0005877351952644481,0.5007533382223226,24,0.000999303402306849,0.0008653255435209774,-0.383790766969765,12,0.07355933386586365,0.07586862456957137,-0.11856178698244371,13,0.2739211264758785,0.14052586959158556,-0.22259684042634287,2,0.021208381125549396,0.04030240011151618,3377.455319602508,17,0.0003350219577067054,0.00024391023229504465,-373.4642596155545,7,4.380062005511877e-05,7.744401985405879e-05,-3159.252870298581,5,6.683469462525463e-05,6.509631375178572e-05,0.9094766282745528,2,0.09469377972462209,2.1661609251328908e-10,-0.3007438034892367,9,0.07019889255395834,0.09653691597385015,-0.031200985445360218,0,0.0,0.13692053061583603,-0.17965332556180102,6,0.07815004433282705,0.16120690772960172,,,,,-9.258535573717761,0,0.0,10333654279.2561,,,,,0.075538674855358,0,0.0,950702527469.9553,,,,,,,,,,,,,,,,,,,,,-9.258535573717761,0,0.0,10333654279.2561,,,,,0.075538674855358,0,0.0,950702527469.9553
,,,,0.009999999999997759,0,0.0,10249695629060.838,312.3495392037222,11,0.0007775940540524686,0.0003762567065598833,-53.17219896969898,22,0.0008778593782655376,0.0007979388313436368,2.9024263380937363,37,0.001540592745223059,0.001186000427706335,-0.3674774055384582,17,0.10420905630997351,0.10245374041404855,-0.11381589528462142,9,0.18963770294483898,0.1970721052933468,-0.21316660627428569,4,0.04241676225109879,0.060616460571802755,3382.5296138715667,16,0.000315314783723958,0.00032937878821002065,-357.482750698121,11,6.882954580090092e-05,0.00010458116977555465,-3151.771725919849,8,0.00010693551140040742,9.301010734154492e-05,0.9115886994220095,0,0.0,8.411745963451063e-10,-0.2879230884144481,12,0.09359852340527777,0.13036440538721006,-0.02721584966914893,2,0.0501864958262833,0.19940970656610135,-0.1719757867309245,11,0.1432750812768496,0.21769540137550186,,,,,-9.25853557371764,0,0.0,14005340065.705309,,,,,0.07553867485535931,0,0.0,1284494032872.5864,,,,,,,,,,,,,,,,,,,,,-9.25853557371764,0,0.0,14005340065.705309,,,,,0.07553867485535931,0,0.0,1284494032872.5864
,,,,0.009999999999997922,0,0.0,13664165539179.963,313.764159074164,14,0.0009896651597031418,0.0005385574355445245,-50.666102828940396,24,0.0009576647762896774,0.001068158216290071,5.304099337965152,50,0.0020818820881392686,0.0015991651080050045,-0.3511640441071514,22,0.13485877875408336,0.13655921395767695,-0.10907000358679914,19,0.4003462617724378,0.2725332955762529,-0.20373637212222856,11,0.11664609619052167,0.08957828924349251,3387.603908140625,24,0.000472972175585937,0.0004390245610410558,-341.50124178068745,25,0.00015643078591113846,0.00013939483596799742,-3144.290581541117,15,0.0002005040838757639,0.00013098839626103043,0.9137007705694662,1,0.047346889862311045,3.149158074644999e-09,-0.2751023733396595,22,0.17159729290967593,0.17376096427316245,-0.023230713892937644,11,0.2760257270445582,0.2857329764238814,-0.164298247900048,19,0.24747514038728566,0.2901632753855334,,,,,-9.25853557371752,0,0.0,18729478742.584454,,,,,0.07553867485536062,0,0.0,1712880001581.3389,,,,,,,,,,,,,,,,,,,,,-9.25853557371752,0,0.0,18729478742.584454,,,,,0.07553867485536062,0,0.0,1712880001581.3389
,,,,0.009999999999998085,0,0.0,17979454374254.785,315.1787789446058,7,0.0004948325798515709,0.0007595120205120625,-48.1600066881818,32,0.0012768863683862365,0.0014098718962428773,7.705772337836564,45,0.001873693879325342,0.0021213137308125425,-0.3348506826758446,35,0.21454805710876898,0.1796560225391752,-0.10432411188897686,23,0.4846296853034774,0.37165460370089987,-0.19430613797017143,12,0.1272502867532964,0.13006710689325018,3392.6782024096847,27,0.0005320936975341792,0.0005775765995408487,-325.5197328632538,31,0.0001939741745298117,0.00018338654029066603,-3136.8094371623847,8,0.00010693551140040742,0.00018182953759190523,0.9158128417169229,2,0.09469377972462209,1.1366209458630983e-08,-0.2622816582648708,20,0.1559975390087963,0.22859829673275,-0.019245578116726357,14,0.35130547078398316,0.4028197779829939,-0.15662070906917153,33,0.42982524383054876,0.381736086726894,,,,,-9.258535573717403,0,0.0,24518338005.5821,,,,,0.07553867485536192,0,0.0,2254390739749.201,,,,,,,,,,,,,,,,,,,,,-9.258535573717403,0,0.0,24518338005.5821,,,,,0.07553867485536192,0,0.0,2254390739749.201
,,,,0.009999999999998248,0,0.0,23350229237287.66,316.5933988150476,20,0.0014138073710044884,0.0010553393353783102,-45.65391054742321,45,0.0017956214555431452,0.001834855232826312,10.107445337707976,61,0.002539896147529908,0.002768341343353952,-0.3185373212445378,38,0.2329378905752349,0.23328678334663772,-0.09957822019115456,18,0.37927540588967795,0.4997870544650585,-0.1848759038181143,26,0.2757089546321422,0.18556015329315365,3397.7524966787432,36,0.0007094582633789055,0.00074999426759429,-309.5382239458203,26,0.00016268801734758398,0.00023813093203791278,-3129.3282927836526,24,0.00032080653420122224,0.00024878544780704384,0.9179249128643797,1,0.047346889862311045,3.955029531703853e-08,-0.24946094319008222,37,0.2885954471662731,0.29683926299589936,-0.01526044234051507,25,0.6273311978285413,0.558724294992067,-0.148943170238295,27,0.35167519949772175,0.49569161390307126,,,,,-9.258535573717282,0,0.0,31935849875.174335,,,,,0.07553867485536321,0,0.0,2920520064356.3037,,,,,,,,,,,,,,,,,,,,,-9.258535573717282,0,0.0,31935849875.174335,,,,,0.07553867485536321,0,0.0,2920520064356.3037
,,,,0.009999999999998411,0,0.0,29931400387206.03,318.00801868548933,22,0.0015551881081049372,0.0014447890738653667,-43.14781440666462,41,0.0016360106594948656,0.0023545181308042727,12.509118337579391,78,0.0032477360574972593,0.003554164397727773,-0.302223959813231,40,0.24519777955287883,0.29899647733580303,-0.09483232849333229,31,0.6531965323655564,0.6627595980866561,-0.17544566966605712,25,0.26510476406936745,0.260108468001272,3402.826790947802,37,0.0007291654373616529,0.0009612445283688963,-293.55671502838675,59,0.00036917665475028673,0.0003052050733548494,-3121.8471484049205,25,0.0003341734731262732,0.0003355169327627858,0.9200369840118365,3,0.14204066958693312,1.3267731920016112e-07,-0.23664022811529362,45,0.3509944627697916,0.3804497310027703,-0.011275306564303783,34,0.8531704290468162,0.7624663408126929,-0.1412656314074185,47,0.612175347273812,0.6353126579901182,,,,,-9.258535573717165,0,0.0,40750771795.82156,,,,,0.07553867485536452,0,0.0,3744879234947.0215,,,,,,,,,,,,,,,,,,,,,-9.258535573717165,0,0.0,40750771795.82156,,,,,0.07553867485536452,0,0.0,3744879234947.0215
,,,,0.009999999999998574,0,0.0,37869029193540.375,319.42263855593114,30,0.002120711056506733,0.0019488195167660836,-40.64171826590603,86,0.003431632115038011,0.002979067587378275,14.910791337450803,114,0.004746691160957533,0.004489092182891231,-0.28591059838192423,53,0.32488705790756445,0.37824186014135813,-0.09008643679550998,34,0.7164091000138361,0.8666676502253076,-0.166015435514,38,0.40295924138543854,0.35824223514525155,3407.901085216861,75,0.0014780380487060532,0.0012160107092252365,-277.57520611095316,64,0.0004004628119325144,0.00038609596908616985,-3114.3660040261884,22,0.0002940726563511204,0.0004459979291108724,0.9221490551592932,3,0.14204066958693312,4.2909803580102976e-07,-0.22381951304050499,59,0.46019274007594907,0.48128330884363846,-0.0072901707880925,36,0.9033569248730995,1.0237175450898173,-0.13358809257654197,69,0.8987255098275111,0.8036945574433971,,,,,-9.258535573717044,0,0.0,51698590954.98876,,,,,0.07553867485536582,0,0.0,4739394335732.367,,,,,,,,,,,,,,,,,,,,,-9.258535573717044,0,0.0,51698590954.98876,,,,,0.07553867485536582,0,0.0,4739394335732.367
,,,,0.009999999999998737,0,0.0,47289263953112.56,320.8372584263729,31,0.002191401425056957,0.0025899634821421424,-38.135622125147435,103,0.004109977998243199,0.0037165224171728205,17.312464337322215,146,0.006079095697366665,0.005578053470793635,-0.26959723695061744,75,0.4597458366616478,0.4722812368744254,-0.08534054509768771,48,1.0114010823724746,1.117569867126238,-0.15658520136194287,49,0.5196053375759602,0.48478771606819193,3412.97537948592,79,0.0015568667446370426,0.0015183381384355952,-261.5936971935196,88,0.0005506363664072074,0.00048208805277157626,-3106.8848596474563,41,0.000548044495927088,0.0005843595842507619,0.92426112630675,1,0.047346889862311045,1.337917230290657e-06,-0.21099879796571636,96,0.7487881872422222,0.6009410917732417,-0.003305035011881216,61,1.530688122701641,1.352309087486341,-0.1259105537456655,102,1.3285507536580599,1.0035109797650543,,,,,-9.258535573716923,0,0.0,64716329317.871956,,,,,0.07553867485536712,0,0.0,5919912374307.987,,,,,,,,,,,,,,,,,,,,,-9.258535573716923,0,0.0,64716329317.871956,,,,,0.07553867485536712,0,0.0,5919912374307.987
,,,,0.0099999999999989,0,0.0,58285722511233.66,322.25187829681465,48,0.0033931376904107725,0.003391333577375167,-35.62952598438885,122,0.004868129279472527,0.004571631748774352,19.71413733719363,161,0.0067036603238084455,0.006818831525913525,-0.25328387551931064,101,0.6191243933710191,0.582048769618039,-0.08059465339986543,64,1.3485347764966327,1.4210924033682988,-0.14715496720988572,52,0.5514179092642844,0.6445831580581708,3418.0496737549784,104,0.002049546094205727,0.0018712300560344973,-245.61218827608604,106,0.000663266532263227,0.0005941348841640734,-3099.403715268724,65,0.0008688510301283102,0.000754668861123128,0.9263731974542068,6,0.28408133917386624,4.021747945338163e-06,-0.19817808289092775,112,0.8735862184492592,0.7406117282879447,0.0006801007643300744,77,1.9321800893119072,1.7575518101642837,-0.11823301491478899,87,1.1331756428259923,1.236746847992496,,,,,-9.258535573716806,0,0.0,79455941153.12816,,,,,0.07553867485536843,0,0.0,7298189181639.206,,,,,,,,,,,,,,,,,,,,,-9.258535573716806,0,0.0,79455941153.12816,,,,,0.07553867485536843,0,0.0,7298189181639.206
,,,,0.009999999999999063,0,0.0,70906012307665.22,323.66649816725646,65,0.0045948739557645875,0.004375243494575596,-33.12342984363026,150,0.005985404851810484,0.005544773453290054,22.115810337065042,190,0.00791115193492922,0.008200500994920293,-0.23697051408800385,114,0.6988136717257047,0.7080201885315202,-0.07584876170204313,80,1.685668470620791,1.7819498993855638,-0.13772473305782856,72,0.7635017205197783,0.8420906148975937,3423.123968024037,113,0.0022269106600504534,0.002276215888109866,-229.6306793586525,118,0.0007383533095005735,0.0007227220718549953,-3091.922570889992,94,0.0012564922589547872,0.0009606421094174512,0.9284852686016636,2,0.09469377972462209,1.1655028288629029e-05,-0.18535736781613912,114,0.8891859723501389,0.9009005479647255,0.004665236540541358,96,2.408951799661599,2.2473807464249993,-0.11055547608391247,112,1.458800827546105,1.5044130014329162,,,,,-9.258535573716685,0,0.0,96876170724.00465,,,,,0.07553867485536972,0,0.0,8862287974455.326,,,,,,,,,,,,,,,,,,,,,-9.258535573716685,0,0.0,96876170724.00465,,,,,0.07553867485536972,0,0.0,8862287974455.326
,,,,0.009999999999999227,0,0.0,85138341615525.12,325.0811180376983,86,0.0060793716953193005,0.005561459698268484,-30.617333702871665,179,0.0071425831231605105,0.006630930195644577,24.517483336936454,225,0.00936846939662671,0.009702283238419115,-0.22065715265669705,128,0.7846328945692123,0.8500793950124897,-0.07110287000422086,88,1.8542353176828699,2.203404327552392,-0.12829449890577144,102,1.0816274374030193,1.0809142109634016,3428.1982622930964,134,0.002640761313688148,0.0027329223889724667,-213.6491704412189,152,0.0009510991783397217,0.0008677311064800475,-3084.44142651126,77,0.0010292542972289214,0.0012053016166175157,0.9305973397491203,6,0.28408133917386624,3.256302156628427e-05,-0.17253665274135052,157,1.224580681219051,1.0816598243740334,0.008650372316752641,117,2.9359100058375733,2.8273627070419507,-0.10287793725303597,141,1.8365260418214358,1.8062627518566634,,,,,-9.258535573716568,0,0.0,115936847501.13107,,,,,0.07553867485537102,0,0.0,10644397060764.941,,,,,,,,,,,,,,,,,,,,,-9.258535573716568,0,0.0,115936847501.13107,,,,,0.07553867485537102,0,0.0,10644397060764.941
,,,,0.00999999999999939,0,0.0,100899394144433.56,326.49573790814,99,0.0069983464864722175,0.006965145767602184,-28.111237562113075,192,0.007661318210317419,0.007818855529159974,26.91915633680787,258,0.010742511574798627,0.011293034370653505,-0.20434379122539026,164,1.0053108961668034,1.0073976185849174,-0.06635697830639856,125,2.633856985344986,2.6866954746780607,-0.1188642647537143,110,1.1664609619052169,1.3632520274879825,3433.272556562155,182,0.0035867056648600224,0.0032386851423304897,-197.66766152378534,164,0.0010261859555770682,0.001028316008326742,-3076.960282132528,116,0.0015505649153059076,0.0014905920075112757,0.932709410896577,3,0.14204066958693312,8.770996612734164e-05,-0.15971593766656192,179,1.3961779741287268,1.2818350116313206,0.012635508092963932,136,3.4126817161872647,3.4996349465502496,-0.09520039842215948,181,2.357526337373616,2.1405351140552082,,,,,-9.258535573716447,0,0.0,137678933333.17545,,,,,0.07553867485537233,0,0.0,12618382264274.467,,,,,,,,,,,,,,,,,,,,,-9.258535573716447,0,0.0,137678933333.17545,,,,,0.07553867485537233,0,0.0,12618382264274.467
,,,,0.009999999999999553,0,0.0,118024774118777.77,327.9103577785818,138,0.00975527085993097,0.00859461593007498,-25.605141421354485,229,0.009137718073764005,0.009090546742661493,29.32082933667928,294,0.0122414666782589,0.012931547189519194,-0.18803042979408344,175,1.072740285543845,1.1783381334037617,-0.061611086608576275,144,3.0342032471174236,3.2304887032207894,-0.10943403060165714,145,1.5376076316023313,1.6893265362094307,3438.3468508312135,204,0.004020263492480465,0.0037882422341407275,-181.68615260635178,192,0.0012013884357975433,0.001202806065298238,-3069.479137753796,147,0.0019649400219824862,0.001816982595799966,0.9348214820440337,10,0.4734688986231104,0.0002277645191848974,-0.1468952225917733,186,1.4507771127818054,1.4993435035700549,0.016620643869175215,166,4.165479153581514,4.261871133463911,-0.08752285959128298,194,2.5268514334280745,2.503752345894998,,,,,-9.258535573716326,0,0.0,161326532690.21582,,,,,0.07553867485537363,0,0.0,14763648562404.414,,,,,,,,,,,,,,,,,,,,,-9.258535573716326,0,0.0,161326532690.21582,,,,,0.07553867485537363,0,0.0,14763648562404.414
,,,,0.009999999999999716,0,0.0,136263344655389.33,329.3249776490236,142,0.010038032334131869,0.010449068757845405,-23.09904528059589,255,0.010175188248077822,0.01042113214309852,31.722502336550694,363,0.015114463959891092,0.014567783077282983,-0.17171706836277661,220,1.3485877875408336,1.3603997000576302,-0.056865194910753994,192,4.0456043294898985,3.8303948662336733,-0.1000037964496,230,2.4389638294381806,2.056854551598602,3443.4211451002725,221,0.00435528545018717,0.004373552423517172,-165.7046436889182,215,0.0013453047588357907,0.0013886481002974877,-3061.9979933750637,168,0.0022456457394085558,0.002183090182085072,0.9369335531914905,8,0.37877511889848836,0.0005702116429825292,-0.13407450751698466,232,1.809571452502037,1.7310026678404593,0.0206057796453865,210,5.269582061759747,5.1063929609082255,-0.07984532076040646,239,3.1129767659242775,2.8905997725247428,,,,,-9.258535573716209,0,0.0,185765671836.84738,,,,,0.07553867485537494,0,0.0,17048694259917.232,,,,,,,,,,,,,,,,,,,,,-9.258535573716209,0,0.0,185765671836.84738,,,,,0.07553867485537494,0,0.0,17048694259917.232
,,,,0.009999999999999879,0,0.0,155276652155386.06,330.73959751946535,156,0.01102769749383501,0.01251651858839572,-20.5929491398373,283,0.01129246382041578,0.011779256655577372,34.12417533642211,374,0.015572478019281731,0.0161450569334034,-0.15540370693146982,238,1.458926788339629,1.550210609143998,-0.05211930321293171,214,4.509163158910615,4.478621944454166,-0.09057356229754286,229,2.428359638875406,2.4606287061870873,3448.4954393693315,222,0.004374992624169917,0.004983775993405895,-149.72313477148464,231,0.0014454204618189193,0.0015824003911186029,-3054.5168489963316,172,0.0022991134951087593,0.0025853629192696273,0.9390456243389473,7,0.3314282290361773,0.0013762551966918731,-0.12125379244219606,273,2.1293664074700693,1.9725222668228803,0.02459091542159779,221,5.545607788804306,6.019556589214681,-0.07216778192952995,277,3.607927046698849,3.2939131300655644,,,,,-9.258535573716088,0,0.0,212011387210.71765,,,,,0.07553867485537624,0,0.0,19431035783749.63,,,,,,,,,,,,,,,,,,,,,-9.258535573716088,0,0.0,212011387210.71765,,,,,0.07553867485537624,0,0.0,19431035783749.63
,,,,0.01000000000000004,10000,6136291463083888.0,174438095922287.88,332.1542173899071,226,0.01597602329235072,0.014772172116241563,-18.086852999078715,298,0.011891004305596828,0.013128011527592928,36.52584833629352,422,0.01757108482389543,0.017603086929735237,-0.13909034550016303,313,1.9186726250012769,1.7435823506620305,-0.047373411515109425,280,5.899839647172768,5.163816464618876,-0.08114332814548571,280,2.9691733575769157,2.8922852090456015,3453.56973363839,257,0.005064743713566075,0.005605447292451358,-133.74162585405108,307,0.0019209700509887802,0.0017797874542728044,-3047.0357046175995,213,0.0028471579910358475,0.0030178683104189565,0.941157695486404,13,0.6155095682100435,0.0032023938604387337,-0.10843307736740743,304,2.3711625929337035,2.21857274775028,0.02857605119780908,284,7.1264824073322295,6.981538225383565,-0.06449024309865346,306,3.9856522609741796,3.70479260322412,,,,,-9.258535573715971,10000,8377231449721.904,237963788053.75854,,,,,0.07553867485537755,0,0.0,21857887472814.086,,,,,,,,,,,,,,,,,,,,,-9.258535573715971,10000,8377231449721.904,237963788053.75854,,,,,0.07553867485537755,0,0.0,21857887472814.086
,,,,0.010000000000000203,0,0.0,193674016220228.75,333.5688372603489,205,0.014491525552796007,0.017177502418710307,-15.580756858320122,370,0.01476399863446586,0.014426404236336387,38.927521336164936,413,0.01719634604803036,0.018881705709211986,-0.12277698406885623,315,1.9309325139789209,1.9356275998345789,-0.04262751981728714,290,6.110548206000367,5.871143957832951,-0.07171309399342857,316,3.3509242178368046,3.340324609527504,3458.6440279074486,317,0.006247174152530918,0.006222854047912961,-117.7601169366175,318,0.001989799596789681,0.0019758204807600347,-3039.5545602388675,249,0.0033283677923376808,0.0034722259921862965,0.9432697666338608,9,0.42612200876079936,0.007183951615098337,-0.0956123622926188,299,2.3321632081815045,2.4629353704777657,0.03256118697402036,293,7.352321638550505,7.966619751778832,-0.05681270426777696,306,3.9856522609741796,4.112853523517699,,,,,-9.25853557371585,0,0.0,264520915240.61102,,,,,0.07553867485537884,0,0.0,24242343199940.188,,,,,,,,,,,,,,,,,,,,,-9.25853557371585,0,0.0,264520915240.61102,,,,,0.07553867485537884,0,0.0,24242343199940.188
,,,,0.010000000000000366,0,0.0,212237747165504.1,334.9834571307907,289,0.020429516511014857,0.019680246163412594,-13.074660717561528,401,0.016000982303840026,0.015631308271763837,41.32919433603635,473,0.019694604553797485,0.019924927650897907,-0.10646362263754944,341,2.0903110706882924,2.1209416960817196,-0.037881628119464855,308,6.489823611890045,6.582641411722602,-0.06228285984137144,338,3.5842164102178478,3.7904324020868434,3463.718322176508,333,0.006562488936254876,0.006818620802874277,-101.77860801918393,374,0.0023402045572306312,0.002164982583413421,-3032.0734158601354,279,0.0037293759600892087,0.0039377180176018815,0.9453818377813176,16,0.7575502377969767,0.015536920171325751,-0.0827916472178302,300,2.339963085131944,2.6987331253424975,0.03654632275023165,352,8.832823265425862,8.94403329058736,-0.04913516543690044,352,4.584802600859187,4.506611978797365,,,,,-9.25853557371573,0,0.0,290135894472.62103,,,,,0.07553867485538014,0,0.0,26568204132033.176,,,,,,,,,,,,,,,,,,,,,-9.25853557371573,0,0.0,290135894472.62103,,,,,0.07553867485538014,0,0.0,26568204132033.176
,,,,0.01000000000000053,0,0.0,229559432767054.12,336.3980770012324,317,0.02240884683042114,0.022215489299914605,-10.568564576802942,398,0.015881274206803818,0.0166997758521812,43.73086733590776,538,0.022401051268378533,0.020684994974950265,-0.09015026120624264,391,2.3968082951293908,2.293840605925926,-0.03313573642164257,355,7.480153838379759,7.27785172279103,-0.052852625689314314,377,3.9977798421660613,4.226115525799182,3468.7926164455666,378,0.007449311765478508,0.007374473943786123,-85.79709910175038,360,0.002252603317120394,0.002341471701051784,-3024.5922714814033,325,0.004344255150641551,0.004401595933833686,0.9474939089287744,12,0.5681626783477325,0.03239510199048641,-0.06997093214304159,368,2.8703547177618516,2.918733522427523,0.04053145852644294,382,9.585620702820112,9.879366004560847,-0.04145762660602394,346,4.50665255652636,4.87399044076282,,,,,-9.258535573715612,0,0.0,313334551190.96936,,,,,0.07553867485538145,0,0.0,28738044224798.68,,,,,,,,,,,,,,,,,,,,,-9.258535573715612,0,0.0,313334551190.96936,,,,,0.07553867485538145,0,0.0,28738044224798.68
,,,,0.010000000000000692,0,0.0,245069297666657.9,337.81269687167423,325,0.022974369778822938,0.024707914430109366,-8.062468436044348,437,0.017437479468274543,0.017591547242581423,46.132540335779176,517,0.02152666079136004,0.021125997510359804,-0.07383689977493585,371,2.274209405352951,2.4486421727307577,-0.02838984472382028,379,7.985854379565996,7.934722553238175,-0.04342239153725716,437,4.634031275932543,4.629632306073801,3473.866910714625,374,0.0073704830695475185,0.007872145890960776,-69.81559018431682,402,0.0025154070374511063,0.002499487688307218,-3017.111127102671,402,0.005373509447870473,0.004849585950500965,0.9496059800762311,29,1.3730598060070203,0.06511883921570383,-0.05715021706825296,396,3.0887512723741666,3.115706459949999,0.04451659430265422,457,11.467614296305735,10.736459574313002,-0.03378008777514745,418,5.444453088520285,5.202915369056734,,,,,-9.258535573715491,0,0.0,334738102100.7504,,,,,0.07553867485538275,0,0.0,30680301509990.367,,,,,,,,,,,,,,,,,,,,,-9.258535573715491,0,0.0,334738102100.7504,,,,,0.07553867485538275,0,0.0,30680301509990.367
,,,,0.010000000000000855,0,0.0,258228347906044.16,339.22731674211605,344,0.024317486781277202,0.0270751669261968,-5.556372295285755,434,0.017317771371238334,0.018271555397416345,48.53421333565059,511,0.021276834940783328,0.02122668459147889,-0.057523538343629055,451,2.764604964458709,2.5799720193714863,-0.02364395302599799,415,8.744405191345352,8.530722709442042,-0.033992157385200006,481,5.10061566069463,4.983152305598778,3478.941204983684,424,0.008355841768684888,0.008294358545838156,-53.83408126688326,379,0.0023714907144128587,0.0026335445702973296,-3009.629982723939,386,0.005159638425069658,0.005266572654566661,0.9517180512236878,34,1.6097942553185753,0.12619636069391957,-0.04432950199346433,439,3.4241459812430786,3.28281346158529,0.048501730078865504,451,11.317054808826885,11.479671513039882,-0.026102548944270942,422,5.496553118075503,5.481967198316413,,,,,-9.258535573715374,0,0.0,352374115095.91437,,,,,0.07553867485538406,0,0.0,32327300708268.723,,,,,,,,,,,,,,,,,,,,,-9.258535573715374,0,0.0,352374115095.91437,,,,,0.07553867485538406,0,0.0,32327300708268.723
,,,,0.010000000000001018,0,0.0,268559286636878.2,340.6419366125578,386,0.027286482260386626,0.029232169341520398,-3.050276154527168,481,0.01919319822480562,0.01871220997022225,50.935886335522,524,0.021818124283699537,0.020982162547284595,-0.04121017691232226,454,2.782994797925175,2.6830715181849216,-0.018898061328175716,445,9.37653086782815,9.044101804319588,-0.02456192323314288,528,5.599012617145041,5.270045304124101,3484.015499252743,444,0.008749985248339835,0.008625813384353498,-37.8525723494497,420,0.002628037203307126,0.0027387849075032515,-3002.148838345207,441,0.005894820065947459,0.005637420478906953,0.9538301223711446,30,1.4204066958693313,0.23577616128604595,-0.03150878691867573,418,3.2603485652838424,3.413999544242843,0.052486865855076795,470,11.793826519176577,12.076307938326897,-0.018425010113394424,416,5.418403073742676,5.701034717814474,,,,,-9.258535573715253,0,0.0,366653874575.89545,,,,,0.07553867485538535,0,0.0,33607452330106.504,,,,,,,,,,,,,,,,,,,,,-9.258535573715253,0,0.0,366653874575.89545,,,,,0.07553867485538535,0,0.0,33607452330106.504
,,,,0.010000000000001182,0,0.0,275675188321157.03,342.05655648299955,425,0.03004340663384538,0.031096090936101432,-0.5441800137685746,493,0.019672030612950458,0.0188952537334324,53.337559335393415,469,0.01952805398674634,0.020404288970553835,-0.024896815481015466,429,2.629746185704626,2.754083380849507,-0.014152169630353428,467,9.840089697248867,9.45519731359084,-0.015131689081085725,483,5.1218240418201795,5.476171772423433,3489.0897935218018,431,0.008493791986564119,0.008854109600562597,-21.871063432016115,469,0.0029346415436929574,0.0028112713158607253,-2994.667693966475,446,0.005961654760572714,0.005947873286541987,0.9559421935186014,40,1.8938755944924417,0.42468393819436306,-0.0186880718438871,458,3.572343643301435,3.504356608946334,0.056472001631288085,499,12.521530708657686,12.498999372375328,-0.010747471282517906,442,5.757053265851593,5.851921897557391,,,,,-9.258535573715132,0,0.0,376444417215.73315,,,,,0.07553867485538665,0,0.0,34500133921863.86,,,,,,,,,,,,,,,,,,,,,-9.258535573715132,0,0.0,376444417215.73315,,,,,0.07553867485538665,0,0.0,34500133921863.86
,,,,0.010000000000001345,0,0.0,279303535122143.56,343.47117635344136,426,0.030114097002395604,0.03259157873591688,1.961916126990019,478,0.019073490127769408,0.018813017408015324,55.73923233526483,479,0.019944430404374196,0.01952071953512464,-0.008583454049708672,462,2.8320343538357506,2.7902910255006863,-0.00940627793253114,433,9.12368059723503,9.747680532222478,-0.005701454929028571,521,5.524783283205617,5.591036173585654,3494.1640877908603,441,0.008690863726391593,0.008970513648584146,-5.889554514582528,444,0.0027782107577818188,0.002848230804280913,-2987.186549587743,462,0.006175525783373529,0.006185458773788264,0.9580542646660581,39,1.8465287046301306,0.7374705143740188,-0.00586735676909847,466,3.6347426589049534,3.5504280168456117,0.060457137407499376,510,12.797556435702242,12.727780108421234,-0.003069932451641416,446,5.809153295406811,5.928856499489398,,,,,-9.258535573715015,0,0.0,381289502978.9071,,,,,0.07553867485538796,0,0.0,34955327523345.39,,,,,,,,,,,,,,,,,,,,,-9.258535573715015,0,0.0,381289502978.9071,,,,,0.07553867485538796,0,0.0,34955327523345.39
,,,,0.010000000000001508,0,0.0,279303535122143.56,344.8857962238832,478,0.03378999616700727,0.033655794519522185,4.468012267748605,469,0.01871436583666078,0.018468952722744705,58.14090533513624,417,0.017362896615081502,0.01837271405619434,0.007729907381598122,481,2.948503299123368,2.7902910255006863,-0.004660386234708852,463,9.755806273717827,9.909631736511283,0.0037287792230285555,514,5.450553949266195,5.6086723266282466,3499.23838205992,476,0.00938061481578775,0.008970513648584146,10.091954402851002,490,0.0030660434038583136,0.002848230804280913,-2979.7054052090107,453,0.00605522333304807,0.0063403182190365,0.9601663358135148,41,1.9412224843547528,1.23462869774544,0.006953358305690133,462,3.603543151103194,3.5504280168456117,0.06444227318371065,552,13.851472848054193,12.751651375929464,0.004607606379235074,443,5.770078273240397,5.928856499489397,,,,,-9.258535573714894,0,0.0,381289502978.9071,,,,,0.07553867485538926,0,0.0,34955327523345.39,,,,,,,,,,,,,,,,,,,,,-9.258535573714894,0,0.0,381289502978.9071,,,,,0.07553867485538926,0,0.0,34955327523345.39
,,,,0.01000000000000167,0,0.0,275675188321157.03,346.3004160943249,493,0.03485035169526064,0.03424279024393719,6.974108408507199,431,0.017198063274202122,0.017877392073019763,60.542578335007654,419,0.017446171898607074,0.017011944142405463,0.024043268812904917,462,2.8320343538357506,2.7540833808495075,8.55054631134361e-05,487,10.261506814904065,9.934345974907256,0.013159013375085682,547,5.8004922378377595,5.528156895397644,3504.3126763289783,473,0.009321493293839508,0.008854109600562597,26.07346332028459,457,0.002859554766455611,0.0028112713158607253,-2972.2242608302786,457,0.006108691088748274,0.006405884802431963,0.9622784069609716,61,2.8881602816009737,1.9926955711260899,0.019774073380478735,423,3.2993479500360414,3.504356608946334,0.06842740895992193,513,12.872836179441668,12.56945790470446,0.012285145210111592,421,5.483528110686698,5.85192189755739,,,,,-9.258535573714777,0,0.0,376444417215.73315,,,,,0.07553867485539056,0,0.0,34500133921863.86,,,,,,,,,,,,,,,,,,,,,-9.258535573714777,0,0.0,376444417215.73315,,,,,0.07553867485539056,0,0.0,34500133921863.86
,,,,0.010000000000001834,0,0.0,268559286636878.2,347.7150359647667,486,0.03435551911540907,0.03432679784186513,9.480204549265792,432,0.017237965973214194,0.017062558098953018,62.94425133487907,394,0.016405230854537437,0.015496646208379074,0.04035663024421171,447,2.7400851865034213,2.683071518184922,0.00483139716093571,458,9.650451994304028,9.820793585623578,0.022589247527142836,527,5.588408426582266,5.353689488255456,3509.386970598037,417,0.008217891550805656,0.008625813384353498,42.054972237718175,457,0.002859554766455611,0.0027387849075032515,-2964.7431164515465,468,0.006255727416923834,0.006379345492518074,0.9643904781084284,70,3.314282290361773,3.1006905464566596,0.032594788455267365,440,3.4319458581935183,3.413999544242843,0.07241254473613322,501,12.571717204483969,12.189980607609536,0.019962684040988082,426,5.548653147630721,5.701034717814472,,,,,-9.258535573714656,0,0.0,366653874575.89545,,,,,0.07553867485539187,0,0.0,33607452330106.504,,,,,,,,,,,,,,,,,,,,,-9.258535573714656,0,0.0,366653874575.89545,,,,,0.07553867485539187,0,0.0,33607452330106.504
,,,,0.010000000000001997,0,0.0,258228347906044.16,349.1296558352085,498,0.03520380353801176,0.033904105279727675,11.986300690024379,417,0.016639425488033145,0.016056918556603395,65.34592433475048,351,0.014614812258737666,0.013887517720194874,0.056669991675518505,421,2.58070662979405,2.579972019371487,0.009577288858757999,450,9.481885147241949,9.573691363136392,0.03201948167919999,480,5.090011470131855,5.094229696802619,3514.461264867096,404,0.00796169828902994,0.008294358545838156,58.036481155151705,355,0.002221317159938166,0.00263354457029733,-2957.2619720728144,436,0.005827985371322204,0.006261841234726037,0.9665025492558852,74,3.503669849811017,4.651454491594787,0.045415503530055995,413,3.2213491805316434,3.2828134615852895,0.07639768051234451,449,11.266868313000602,11.631235027899328,0.027640222871864573,415,5.4053780663538715,5.48196719831641,,,,,-9.258535573714536,0,0.0,352374115095.91437,,,,,0.07553867485539316,0,0.0,32327300708268.723,,,,,,,,,,,,,,,,,,,,,-9.258535573714536,0,0.0,352374115095.91437,,,,,0.07553867485539316,0,0.0,32327300708268.723
,,,,0.01000000000000216,0,0.0,245069297666657.9,350.5442757056502,482,0.03407275764120817,0.03299332858746705,14.492396830782965,391,0.015601955313719329,0.014899042156859842,67.7475973346219,308,0.012824393662937895,0.012243756164871484,0.0729833531068253,384,2.3538986837076368,2.448642172730758,0.014323180556580287,421,8.870830326641912,9.203177519083958,0.04144971583125712,483,5.1218240418201795,4.762734737467156,3519.535559136155,422,0.008316427420719393,0.007872145890960776,74.01799007258523,453,0.0028345258407098286,0.002499487688307219,-2949.7808276940823,480,0.006416130684024445,0.006058385591671535,0.9686146204033419,97,4.592648316644171,6.727163901219358,0.058236218604844625,382,2.9795529950680093,3.115706459949998,0.0803828162885558,434,10.890469594303477,10.91905360271137,0.03531776170274109,411,5.353278036798653,5.202915369056732,,,,,-9.258535573714418,0,0.0,334738102100.7504,,,,,0.07553867485539446,0,0.0,30680301509990.367,,,,,,,,,,,,,,,,,,,,,-9.258535573714418,0,0.0,334738102100.7504,,,,,0.07553867485539446,0,0.0,30680301509990.367
,,,,0.010000000000002323,0,0.0,229559432767054.12,351.958895576092,445,0.03145721400484987,0.03163405208742346,16.99849297154156,346,0.013806333858176183,0.013631152497848974,70.14927033449331,259,0.010784149216561413,0.010619592591411221,0.0892967145381321,333,2.0412715147777165,2.293840605925927,0.019069072254402575,388,8.175492082510836,8.724121651400703,0.05087994998331427,384,4.072009176105484,4.375087980779797,3524.6098534052135,363,0.0071537041557372975,0.007374473943786123,89.99949899001882,377,0.0023589762515399677,0.002341471701051784,-2942.29968331535,490,0.006549800073274954,0.005777509918924337,0.9707266915507986,121,5.728973673339636,9.3796821840916,0.07105693367963323,385,3.0029526259193284,2.918733522427523,0.08436795206476709,379,9.510340959080686,10.085107094579628,0.04299530053361761,362,4.715052674747232,4.8739904407628165,,,,,-9.258535573714298,0,0.0,313334551190.96936,,,,,0.07553867485539577,0,0.0,28738044224798.68,,,,,,,,,,,,,,,,,,,,,-9.258535573714298,0,0.0,313334551190.96936,,,,,0.07553867485539577,0,0.0,28738044224798.68
,,,,0.010000000000002486,0,0.0,212237747165504.1,353.3735154465338,467,0.03301240211295481,0.02988397519372279,19.504589112300152,276,0.01101314492733129,0.012296595499253538,72.55094333436472,220,0.009160281187812782,0.009061585188257377,0.10561007596943889,324,1.9861020143783186,2.1209416960817205,0.023814963952224863,405,8.533696632517753,8.155135167627233,0.060310184135371425,374,3.965967270477737,3.948841606962346,3529.684147674272,358,0.007055168285823561,0.006818620802874277,105.98100790745241,347,0.0021712593084466016,0.0021649825834134215,-2934.818538936618,412,0.005507178837120982,0.00543067006587911,0.9728387626982554,150,7.102033479346656,12.608316989669477,0.08387764875442183,333,2.597359024496458,2.6987331253424975,0.08835308784097837,362,9.083755744557278,9.164576074400815,0.05067283936449413,306,3.9856522609741796,4.50661197879736,,,,,-9.25853557371418,0,0.0,290135894472.62103,,,,,0.07553867485539707,0,0.0,26568204132033.176,,,,,,,,,,,,,,,,,,,,,-9.25853557371418,0,0.0,290135894472.62103,,,,,0.07553867485539707,0,0.0,26568204132033.176
,,,,0.010000000000002649,0,0.0,193674016220228.75,354.78813531697557,437,0.03089169105644807,0.027814852282008244,22.01068525305874,289,0.011531880014488198,0.010937429850168507,74.95261633423613,177,0.007369862592013011,0.007606828716401358,0.12192343740074568,347,2.127090737621224,1.9356275998345798,0.028560855650047137,369,7.775145820738397,7.517373896691486,0.06974041828742855,298,3.16004878770686,3.5019114744442987,3534.7584419433315,329,0.006483660240323886,0.006222854047912961,121.96251682488594,292,0.0018271115794420971,0.001975820480760035,-2927.337394557886,353,0.004718529440542977,0.005031472082152528,0.9749508338457122,200,9.469377972462208,16.339508790770644,0.09669836382921049,325,2.5349600088929396,2.462935370477765,0.09233822361718964,323,8.105119075944755,8.193710146743166,0.05835037819537062,344,4.480602541748751,4.112853523517695,,,,,-9.25853557371406,0,0.0,264520915240.61102,,,,,0.07553867485539838,0,0.0,24242343199940.188,,,,,,,,,,,,,,,,,,,,,-9.25853557371406,0,0.0,264520915240.61102,,,,,0.07553867485539838,0,0.0,24242343199940.188
,,,,0.010000000000002812,0,0.0,174438095922287.88,356.2027551874173,349,0.024670938624028322,0.02550762345149106,24.516781393817332,221,0.008818496481667446,0.009592322182557834,77.35428933410755,145,0.00603745805560388,0.006282120101060331,0.13823679883205248,281,1.722514401358974,1.7435823506620312,0.033306747347869425,302,6.363398476593486,6.833240033555711,0.07917065243948568,293,3.1070278348929867,3.051357821383382,3539.83273621239,321,0.006326002848461907,0.005605447292451358,137.94402574231952,275,0.001720738645022523,0.0017797874542728048,-2919.856250179154,349,0.0046650616848427735,0.0045947897758562,0.977062904993169,187,8.853868404252164,20.414265334259763,0.10951907890399909,285,2.222964930875347,2.2185727477502795,0.09632335939340093,293,7.352321638550505,7.207508489273387,0.06602791702624711,297,3.868427194474939,3.704792603224116,,,,,-9.258535573713939,0,0.0,237963788053.75854,,,,,0.07553867485539967,10000,767970703814701.0,21857887472814.086,,,,,,,,,,,,,,,,,,,,,-9.258535573713939,0,0.0,237963788053.75854,,,,,0.07553867485539967,10000,767970703814701.0,21857887472814.086
,,,,0.010000000000002974,0,0.0,155276652155386.06,357.61737505785914,332,0.02346920235867451,0.02304719547753247,27.022877534575926,237,0.009456939665860564,0.008294883998188009,79.75596233397896,113,0.004705053519194748,0.005104015334466563,0.15455016026335927,266,1.6305652340266443,1.5502106091439987,0.038052639045691714,266,5.604847664814129,6.125093727143671,0.08860088659154283,259,2.746485355758647,2.6123636997831627,3544.9070304814486,232,0.004572064363997391,0.004983775993405895,153.9255346597531,210,0.001314018601653563,0.0015824003911186029,-2912.375105800422,319,0.004264053517091246,0.004135853575564083,0.9791749761406257,252,11.931416245302383,24.58902993247775,0.12233979397878769,245,1.9109698528577546,1.9725222668228803,0.10030849516961222,246,6.172938986632847,6.237722903778936,0.07370545585712363,240,3.126001773313082,3.293913130065559,,,,,-9.258535573713822,0,0.0,212011387210.71765,,,,,0.07553867485540097,0,0.0,19431035783749.63,,,,,,,,,,,,,,,,,,,,,-9.258535573713822,0,0.0,212011387210.71765,,,,,0.07553867485540097,0,0.0,19431035783749.63
,,,,0.010000000000003137,0,0.0,136263344655389.33,359.03199492830095,285,0.02014675503681396,0.020517338435767314,29.528973675334512,191,0.00762141551130535,0.007072532627364584,82.15763533385038,92,0.0038306630421762545,0.004079630631615139,0.17086352169466607,214,1.3118081206079018,1.3603997000576311,0.042798530743514,258,5.43628081775205,5.414075876423294,0.09803112074359999,222,2.354130304935983,2.1974887895159463,3549.9813247505076,212,0.004177920884342444,0.004373552423517172,169.90704357718664,237,0.0014829638504375924,0.0013886481002974881,-2904.8939614216897,272,0.003635807387613852,0.0036693876373175495,0.9812870472880825,310,14.677535857316423,28.553668789713516,0.1351605090535763,224,1.7471724368985184,1.7310026678404589,0.10429363094582352,211,5.294675309672889,5.311330713834967,0.08138299468800012,229,2.9827266920362323,2.890599772524738,,,,,-9.2585355737137,0,0.0,185765671836.84738,,,,,0.07553867485540228,0,0.0,17048694259917.232,,,,,,,,,,,,,,,,,,,,,-9.2585355737137,0,0.0,185765671836.84738,,,,,0.07553867485540228,0,0.0,17048694259917.232
,,,,0.0100000000000033,0,0.0,118024774118777.77,360.44661479874264,286,0.020217445405364184,0.017996116994720184,32.035069816093106,134,0.005346961667617366,0.0059459011582529055,84.55930833372179,89,0.0037057501168878985,0.0032079888889418504,0.18717688312597286,187,1.1462996194097086,1.1783381334037626,0.04754442244133629,230,4.846296853034774,4.719124926537382,0.10746135489565711,173,1.8345249673600228,1.816235759697659,3555.0556190195666,206,0.00405967784044596,0.0037882422341407275,185.88855249462023,188,0.0011763595100517611,0.0012028060652982382,-2897.4128170429576,262,0.0035021379983633427,0.003208861422416066,0.9833991184355393,395,18.70202149561286,31.966517146322673,0.1479812241283649,192,1.4975763744844444,1.4993435035700549,0.1082787667220348,178,4.466598128539214,4.449558893103391,0.0890605335188766,201,2.618026485149706,2.5037523458949953,,,,,-9.258535573713583,0,0.0,161326532690.21582,,,,,0.07553867485540358,0,0.0,14763648562404.414,,,,,,,,,,,,,,,,,,,,,-9.258535573713583,0,0.0,161326532690.21582,,,,,0.07553867485540358,0,0.0,14763648562404.414
,,,,0.010000000000003463,0,0.0,100899394144433.56,361.86123466918446,235,0.01661223660930274,0.015552186023258864,34.5411659568517,123,0.0049080319784845965,0.004928769340634294,86.9609813335932,54,0.0022484326551904105,0.002481692708850831,0.2034902445572797,155,0.9501413957674055,1.007397618584918,0.05229031413915858,212,4.467021447145096,4.056244710070671,0.11689158904771427,138,1.4633782976629084,1.4749262410078356,3560.129913288625,185,0.0036458271868082645,0.0032386851423304897,201.87006141205381,157,0.0009823853355219495,0.001028316008326742,-2889.9316726642255,198,0.0026466539071600837,0.002765905008598783,0.985511189582996,468,22.15834445556157,34.50178830647144,0.16080193920315355,157,1.224580681219051,1.28183501163132,0.11226390249824608,150,3.763987186971248,3.6674729946135414,0.09673807234975312,177,2.305426307818398,2.140535114055205,,,,,-9.258535573713463,0,0.0,137678933333.17545,,,,,0.07553867485540489,0,0.0,12618382264274.467,,,,,,,,,,,,,,,,,,,,,-9.258535573713463,0,0.0,137678933333.17545,,,,,0.07553867485540489,0,0.0,12618382264274.467
,,,,0.010000000000003626,0,0.0,85138341615525.12,363.27585453962627,195,0.013784621867293761,0.013242162880998578,37.047262097610286,97,0.0038705618041707797,0.004028444513219891,89.3626543334646,37,0.001540592745223059,0.0018887144023377867,0.21980360598858656,152,0.9317515623009396,0.8500793950124897,0.057036205836980866,169,3.5609746441864205,3.438051345193886,0.12632182319977142,101,1.0710232468402445,1.1768494501727615,3565.204207557684,142,0.0027984187055501274,0.0027329223889724233,217.85157032948734,145,0.000907298558284603,0.0008677311064800476,-2882.4505282854934,166,0.002218911861558454,0.002349916817614748,0.9876232607304527,614,29.07099037545898,35.90052277530656,0.17362265427794216,147,1.1465819117146527,1.0816598243740332,0.11624903827445736,105,2.6347910308798737,2.9740840625791014,0.10441561118062964,160,2.084001182208721,1.8062627518566599,,,,,-9.258535573713342,0,0.0,115936847501.13107,,,,,0.07553867485540619,0,0.0,10644397060764.941,,,,,,,,,,,,,,,,,,,,,-9.258535573713342,0,0.0,115936847501.13107,,,,,0.07553867485540619,0,0.0,10644397060764.941
,,,,0.010000000000003789,0,0.0,70906012307665.22,364.690474410068,161,0.011381149336586132,0.011109160912044095,39.55335823836888,71,0.0028330916298569624,0.0032464921799822016,91.76432733333603,24,0.000999303402306849,0.0014141247300774426,0.23611696741989335,119,0.7294633941698145,0.7080201885315202,0.06178209753480314,142,2.992061535351904,2.87359861712428,0.13575205735182855,85,0.9013561978358493,0.9226224995431971,3570.278501826743,118,0.0023254465299641903,0.002276215888109866,233.83307924692093,121,0.0007571250038099101,0.0007227220718549957,-2874.9693839067613,158,0.0021119763501580464,0.0019678711010610696,0.9897353318779094,770,36.4571051939795,36.01412112288652,0.18644336935273076,121,0.9437851110032176,0.9009005479647251,0.12023417405066865,96,2.408951799661599,2.372880703613452,0.11209315001150616,112,1.458800827546105,1.5044130014329127,,,,,-9.258535573713225,0,0.0,96876170724.00465,,,,,0.0755386748554075,0,0.0,8862287974455.326,,,,,,,,,,,,,,,,,,,,,-9.258535573713225,0,0.0,96876170724.00465,,,,,0.0755386748554075,0,0.0,8862287974455.326
,,,,0.010000000000003952,0,0.0,58285722511233.66,366.1050942805098,119,0.008412153857476706,0.009182447164246588,42.05945437912747,59,0.002354259241712124,0.002579701279605261,94.16600033320745,25,0.0010409410440696343,0.0010416271239023262,0.25243032885120015,90,0.5516950039939774,0.5820487696180393,0.06652798923262543,96,2.0228021647449492,2.3684563802973435,0.14518229150388567,73,0.774105911082553,0.7106891743679383,3575.3527960958018,105,0.0020692532681884745,0.0018712300560344973,249.81458816435452,103,0.0006444948379538904,0.0005941348841640734,-2867.488239528029,107,0.0014302624649804492,0.0016243130614602313,0.9918474030253662,1109,52.50770085730294,34.830342939188675,0.19926408442751942,100,0.7799876950439815,0.7406117282879439,0.12421930982687995,77,1.9321800893119072,1.8626657089518721,0.11977068884238265,104,1.354600768435669,1.236746847992493,,,,,-9.258535573713104,0,0.0,79455941153.12816,,,,,0.07553867485540879,0,0.0,7298189181639.206,,,,,,,,,,,,,,,,,,,,,-9.258535573713104,0,0.0,79455941153.12816,,,,,0.07553867485540879,0,0.0,7298189181639.206
,,,,0.010000000000004115,0,0.0,47289263953112.56,367.5197141509516,95,0.00671558501227132,0.007478086209963356,44.56555051988606,63,0.0025138700377604034,0.002021168681566796,96.56767333307886,17,0.0007078399099673514,0.0007548140603796339,0.26874369028250694,73,0.4474859476840039,0.4722812368744257,0.07127388093044772,91,1.9174478853311496,1.9249976898130992,0.15461252565594283,50,0.5302095281387349,0.5378830824010978,3580.4270903648603,74,0.0014583308747233058,0.0015183381384355952,265.79609708178805,86,0.0005381219035343163,0.00048208805277157626,-2860.007095149297,95,0.001269859197879838,0.0013215139597748263,0.993959474172823,1523,72.10931326029971,32.475478723678876,0.21208479950230802,76,0.5927906482334259,0.6009410917732412,0.12820444560309124,62,1.5557813706147825,1.4385676308770488,0.12744822767325914,75,0.9768755541603381,1.0035109797650528,,,,,-9.258535573712987,0,0.0,64716329317.871956,,,,,0.07553867485541009,0,0.0,5919912374307.987,,,,,,,,,,,,,,,,,,,,,-9.258535573712987,0,0.0,64716329317.871956,,,,,0.07553867485541009,0,0.0,5919912374307.987
,,,,0.010000000000004278,0,0.0,37869029193540.375,368.9343340213934,99,0.0069983464864722175,0.006000360531654429,47.071646660644646,38,0.001516302562458656,0.001561398594972964,98.96934633295027,14,0.0005829269846789952,0.0005381096996172913,0.28505705171381374,67,0.4107062807510721,0.3782418601413585,0.07601977262826999,72,1.5171016235587118,1.5428388691917037,0.16404275980799998,33,0.34993828857156506,0.39998950473347733,3585.5013846339193,67,0.001320380656844074,0.0012160107092252365,281.77760599922163,72,0.00045052066342407874,0.00038609596908616985,-2852.525950770565,80,0.001069355114004074,0.0010597482393164628,0.9960715453202797,1770,83.80399505629055,29.19216160202401,0.22490551457709662,62,0.4835923709272685,0.48128330884363824,0.13218958137930253,36,0.9033569248730995,1.093105296175682,0.13512576650413566,67,0.872675495049902,0.8036945574433944,,,,,-9.258535573712866,0,0.0,51698590954.98876,,,,,0.0755386748554114,0,0.0,4739394335732.367,,,,,,,,,,,,,,,,,,,,,-9.258535573712866,0,0.0,51698590954.98876,,,,,0.0755386748554114,0,0.0,4739394335732.367
,,,,0.010000000000004441,0,0.0,29931400387206.03,370.3489538918351,75,0.005301777641266832,0.004743720284132603,49.57774280140323,34,0.0013566917664103763,0.001189331965129059,101.37101933282167,8,0.000333101134102283,0.00037740252141844243,0.30137041314512053,59,0.3616667248404963,0.2989964773358033,0.08076566432609228,46,0.9692593706069548,1.219372700485342,0.17347299396005714,25,0.26510476406936745,0.292254921544042,3590.5756789029783,44,0.0008671156552408846,0.0009612445283688963,297.7591149166552,44,0.0002753181832036037,0.0003052050733548494,-2845.044806391833,54,0.00072181470195275,0.0008376499795417801,0.9981836164677365,1348,63.823607534395286,25.298212069068096,0.23772622965188528,59,0.46019274007594907,0.38044973100276996,0.13617471715551382,30,0.7527974373942496,0.81720320793811,0.14280330533501215,47,0.612175347273812,0.6353126579901169,,,,,-9.258535573712745,0,0.0,40750771795.82156,,,,,0.0755386748554127,0,0.0,3744879234947.0215,,,,,,,,,,,,,,,,,,,,,-9.258535573712745,0,0.0,40750771795.82156,,,,,0.0755386748554127,0,0.0,3744879234947.0215
,,,,0.010000000000004604,0,0.0,23350229237287.66,371.7635737622769,39,0.0027569243734587526,0.003695010258274314,52.08383894216183,17,0.0006783458832051881,0.0008932447689867947,103.77269233269308,5,0.0002081882088139269,0.00026040055900549374,0.3176837745764273,35,0.21454805710876898,0.23328678334663802,0.08551155602391458,45,0.9481885147241949,0.950337574899475,0.1829032281121143,22,0.23329219238104335,0.20981068266252528,3595.649973172037,30,0.0005912152194824212,0.00074999426759429,313.74062383408875,44,0.0002753181832036037,0.00023813093203791278,-2837.563662013101,48,0.0006416130684024445,0.0006526064934733491,1.0002956876151934,158,7.480808598245145,21.136169579060205,0.2505469447266739,35,0.2729956932653935,0.29683926299589936,0.1401598529317251,28,0.7026109415679663,0.6010830437643664,0.15048084416588864,34,0.4428502512193533,0.4956916139030702,,,,,-9.258535573712628,0,0.0,31935849875.174335,,,,,0.075538674855414,0,0.0,2920520064356.3037,,,,,,,,,,,,,,,,,,,,,-9.258535573712628,0,0.0,31935849875.174335,,,,,0.075538674855414,0,0.0,2920520064356.3037
,,,,0.010000000000004767,0,0.0,17979454374254.785,373.1781936327187,35,0.0024741628992578546,0.002835744333483809,54.589935082920434,14,0.0005586377861689785,0.0006614788380005333,106.1743653325645,7,0.0002914634923394976,0.00017675925603495424,0.3339971360077341,23,0.14098872324290534,0.1796560225391752,0.09025744772173686,37,0.7796216676621157,0.7303732710661063,0.19233346226417142,16,0.16966704900439517,0.14799460588172353,3600.724267441096,35,0.0006897510893961582,0.0005775765995408347,329.72213275152234,25,0.00015643078591113846,0.0001833865402906658,-2830.0825176343687,49,0.0006549800073274954,0.0005011516091962968,1.00240775876265,0,0.0,17.02454924816465,0.2633676598014625,31,0.24179618546363424,0.22859829673275,0.14414498870793635,13,0.3262122228708415,0.43498596139709994,0.15815838299676516,37,0.4819252733857668,0.3817360867268932,,,,,-9.258535573712507,0,0.0,24518338005.5821,,,,,0.0755386748554153,0,0.0,2254390739749.201,,,,,,,,,,,,,,,,,,,,,-9.258535573712507,0,0.0,24518338005.5821,,,,,0.0755386748554153,0,0.0,2254390739749.201
,,,,0.01000000000000493,0,0.0,13664165539179.963,374.5928135031604,26,0.001837949582305835,0.002144239767048285,57.09603122367902,15,0.0005985404851810484,0.0004829915259073865,108.57603833243593,4,0.0001665505670511415,0.00011803900926759751,0.3503104974390409,23,0.14098872324290534,0.1365592139576771,0.09500333941955913,24,0.5057005411862373,0.5535251759905453,0.20176369641622854,10,0.10604190562774699,0.10256913720500936,3605.798561710155,15,0.0002956076097412106,0.0004390245610410558,345.7036416689559,25,0.00015643078591113846,0.00013939483596799742,-2822.6013732556366,21,0.00028070571742606947,0.0003793287829966012,1.0045198299101068,0,0.0,13.220194389387707,0.27618837487625114,29,0.22619643156275462,0.17376096427316245,0.14813012448414764,14,0.35130547078398316,0.30970795082014624,0.16583592182764167,21,0.2735251551648947,0.2901632753855321,,,,,-9.25853557371239,0,0.0,18729478742.584454,,,,,0.0755386748554166,0,0.0,1712880001581.3389,,,,,,,,,,,,,,,,,,,,,-9.25853557371239,0,0.0,18729478742.584454,,,,,0.0755386748554166,0,0.0,1712880001581.3389
,,,,0.010000000000005093,0,0.0,10249695629060.838,376.0074333736022,24,0.0016965688452053862,0.001597476463490219,59.60212736443761,9,0.000359124291108629,0.0003477291912493685,110.97771133230734,3,0.00012491292528835613,7.754826475340716e-05,0.3666238588703477,17,0.10420905630997351,0.10245374041404869,0.09974923111738143,24,0.5057005411862373,0.4136713305608231,0.21119393056828567,8,0.08483352450219758,0.06984575951867232,3610.8728559792135,10,0.00019707173982747375,0.00032937878821002065,361.68515058638945,14,8.760124011023754e-05,0.00010458116977555465,-2815.1202288769045,20,0.0002673387785010185,0.0002830032325006792,1.0066319010575635,0,0.0,9.897213561382285,0.28900908995103974,16,0.12479803120703703,0.13036440538721006,0.15211526026035893,11,0.2760257270445582,0.21695307916640982,0.1735134606585182,19,0.24747514038728566,0.2176954013755009,,,,,-9.258535573712269,0,0.0,14005340065.705309,,,,,0.0755386748554179,0,0.0,1284494032872.5864,,,,,,,,,,,,,,,,,,,,,-9.258535573712269,0,0.0,14005340065.705309,,,,,0.0755386748554179,0,0.0,1284494032872.5864
,,,,0.010000000000005256,0,0.0,7588572199456.288,377.42205324404404,9,0.0006362133169520198,0.0011726014825480578,62.10822350519619,6,0.00023941619407241935,0.00024684303234376613,113.37938433217874,1,4.163764176278538e-05,5.012123353720714e-05,0.3829372203016545,7,0.0429096114217538,0.07586862456957148,0.1044951228152037,21,0.4424879735379576,0.3048589888608783,0.2206241647203428,1,0.010604190562774698,0.04673216619558126,3615.947150248272,10,0.00019707173982747375,0.00024391023229504465,377.666659503823,12,7.508677723734646e-05,7.744401985405879e-05,-2807.6390844981725,17,0.00022723796172586575,0.00020811142575412073,1.0087439722050202,0,0.0,7.143333452669497,0.30182980502582835,8,0.062399015603518515,0.09653691597385015,0.15610039603657022,3,0.07527974373942496,0.1495256268768647,0.18119099948939468,8,0.10420005911043607,0.16120690772960128,,,,,-9.258535573712148,0,0.0,10333654279.2561,,,,,0.07553867485541921,0,0.0,950702527469.9553,,,,,,,,,,,,,,,,,,,,,-9.258535573712148,0,0.0,10333654279.2561,,,,,0.07553867485541921,0,0.0,950702527469.9553
,,,,0.01000000000000542,0,0.0,5545368605022.644,378.83667311448585,3,0.00021207110565067328,0.0008480496094044602,64.61431964595478,2,7.980539802413978e-05,0.00017277411549982915,115.78105733205015,1,4.163764176278538e-05,3.1869449037242864e-05,0.3992505817329613,12,0.07355933386586365,0.05545289006585737,0.10924101451302598,15,0.3160628382413983,0.22154814781577575,0.23005439887239992,0,0.0,0.030721633716129775,3621.021444517331,6,0.00011824304389648425,0.00017827563599748383,393.64816842125657,6,3.754338861867323e-05,5.6604357118496974e-05,-2800.1579401194404,12,0.00016040326710061112,0.00015084446635295245,1.0108560433524771,0,0.0,4.970519559814157,0.31465052010061695,13,0.1013984003557176,0.07055948383360892,0.1600855318127815,4,0.1003729916525666,0.10139155767718785,0.18886853832027117,7,0.09117505172163157,0.11782721754747218,,,,,-9.258535573712031,0,0.0,7595278976.357191,,,,,0.07553867485542051,0,0.0,694487784264.5868,,,,,,,,,,,,,,,,,,,,,-9.258535573712031,0,0.0,7595278976.357191,,,,,0.07553867485542051,0,0.0,694487784264.5868
,,,,0.010000000000005583,0,0.0,3999650245708.3276,380.25129298492755,8,0.0005655229484017954,0.0006042921139864184,67.12041578671338,5,0.00019951349506034947,0.0001192379681235352,118.18273033192156,0,0.0,1.9935654474372637e-05,0.4155639431642681,11,0.06742938937704168,0.04000495095810133,0.11398690621084828,12,0.25285027059311865,0.15876792887410632,0.2394846330244571,2,0.021208381125549396,0.019843817646455722,3626.09573878639,4,7.88286959309895e-05,0.00012861201763575384,409.62967733869016,4,2.502892574578215e-05,4.083564495648463e-05,-2792.6767957407083,9,0.00012030245032545835,0.00010776848343719098,1.0129681144999338,0,0.0,3.334383377720123,0.32747123517540555,4,0.031199507801759258,0.05090318443349158,0.1640706675889928,2,0.0501864958262833,0.06764322550166935,0.1965460771511477,8,0.10420005911043607,0.0850031811492255,,,,,-9.25853557371191,0,0.0,5458325333.882766,,,,,0.07553867485542182,0,0.0,500716587658.9514,,,,,,,,,,,,,,,,,,,,,-9.25853557371191,0,0.0,5458325333.882766,,,,,0.07553867485542182,0,0.0,500716587658.9514
,,,,0.010000000000005744,0,0.0,2857819663400.28,381.66591285536936,3,0.00021207110565067328,0.00042425546347582186,69.62651192747198,1,3.990269901206989e-05,8.113879214312613e-05,120.58440333179298,0,0.0,1.2268446635700899e-05,0.4318773045955749,2,0.012259888977643942,0.02848596140605439,0.11873279790867058,4,0.08428342353103954,0.11219744636679285,0.2489148671765143,1,0.010604190562774698,0.012593854578893476,3631.1700330554486,6,0.00011824304389648425,9.157958910045906e-05,425.6111862561237,8,5.00578514915643e-05,2.9077466122632367e-05,-2785.195651361976,4,5.346775570020371e-05,7.588974432702846e-05,1.0150801856473906,0,0.0,2.1564637344368234,0.3402919502501942,2,0.015599753900879629,0.03624616734904574,0.1680558033652041,3,0.07527974373942496,0.04440002057165408,0.20422361598202418,3,0.03907502216641352,0.06052744171951885,,,,,-9.258535573711793,0,0.0,3910580615.5536203,,,,,0.07553867485542312,0,0.0,356308966792.6532,,,,,,,,,,,,,,,,,,,,,-9.258535573711793,0,0.0,3910580615.5536203,,,,,0.07553867485542312,0,0.0,356308966792.6532
,,,,0.010000000000005907,0,0.0,2008303399087.6255,383.08053272581117,0,0.0,0.0002934693901631279,72.13260806823057,2,7.980539802413978e-05,5.444031043066064e-05,122.9860763316644,0,0.0,7.427656249690524e-06,0.4481906660268816,1,0.006129944488821971,0.020020531509243555,0.12347868960649286,5,0.10535427941379943,0.07818594730820601,0.2583451013285714,1,0.010604190562774698,0.00785316363969373,3636.2443273245076,1,1.9707173982747374e-05,6.436405719483991e-05,441.5926951735573,1,6.257231436445538e-06,2.043625343792658e-05,-2777.714506983244,3,4.010081677515278e-05,5.2674853695482e-05,1.0171922567948473,0,0.0,1.344564582343776,0.3531126653249828,4,0.031199507801759258,0.025474567108928665,0.17204093914141538,2,0.0501864958262833,0.02867334658264379,0.21190115481290067,1,0.01302500738880451,0.0425399563260651,,,,,-9.258535573711672,0,0.0,2737236662.6805515,,,,,0.07553867485542441,0,0.0,251206815256.8851,,,,,,,,,,,,,,,,,,,,,-9.258535573711672,0,0.0,2737236662.6805515,,,,,0.07553867485542441,0,0.0,251206815256.8851
,,,,0.01000000000000607,0,0.0,1392980618692.77,384.49515259625286,2,0.00014138073710044885,0.00020001060528680262,74.63870420898915,0,0.0,3.601560633234626e-05,125.38774933153582,1,4.163764176278538e-05,4.424020723734203e-06,0.4645040274581884,2,0.012259888977643942,0.013888262191466572,0.12822458130431513,2,0.04214171176551977,0.05372791280757618,0.26777533548062854,0,0.0,0.0048115294267228464,3641.3186215935666,2,3.941434796549475e-05,4.464940911362689e-05,457.57420409099086,4,2.502892574578215e-05,1.4176648897964663e-05,-2770.233362604512,2,2.6733877850101855e-05,3.6037322503372465e-05,1.019304327942304,0,0.0,0.8082283070490784,0.3659333803997714,1,0.007799876950439814,0.017671731994705665,0.17602607491762667,3,0.07527974373942496,0.018218387990699286,0.2195786936437772,1,0.01302500738880451,0.029510009102263385,,,,,-9.258535573711551,0,0.0,1890495966.471899,,,,,0.07553867485542572,0,0.0,174157250840.0214,,,,,,,,,,,,,,,,,,,,,-9.258535573711551,0,0.0,1890495966.471899,,,,,0.07553867485542572,0,0.0,174157250840.0214
,,,,0.010000000000006233,0,0.0,953634758018.9193,385.9097724666947,0,0.0,0.0001343068265195326,77.14480034974774,1,3.990269901206989e-05,2.3493025568288193e-05,127.78942233140722,0,0.0,2.592302309924744e-06,0.4808173888894953,2,0.012259888977643942,0.009509283448232587,0.13297047300213743,3,0.06321256764827966,0.03640799592996191,0.27720556963268567,1,0.010604190562774698,0.0028965042596561185,3646.392915862625,1,1.9707173982747374e-05,3.057141931828335e-05,473.5557130084244,2,1.2514462872891075e-05,9.706741625287874e-06,-2762.75221822578,1,1.3366938925050927e-05,2.4301362547865982e-05,1.021416399089761,0,0.0,0.4683810633463002,0.37875409547456007,2,0.015599753900879629,0.012099822587026746,0.18001121069383796,0,0.0,0.011388797195434957,0.2272562324746537,0,0.0,0.020205482676282457,,,,,-9.258535573711434,0,0.0,1303204948.3942783,,,,,0.07553867485542702,0,0.0,119167851266.46121,,,,,,,,,,,,,,,,,,,,,-9.258535573711434,0,0.0,1303204948.3942783,,,,,0.07553867485542702,0,0.0,119167851266.46121
,,,,0.010000000000006396,0,0.0,644377425141.2495,387.3243923371365,0,0.0,8.885829985560729e-05,79.65089649050633,0,0.0,1.5110027512371643e-05,130.19109533127863,0,0.0,1.4943670358546848e-06,0.4971307503208021,4,0.024519777955287883,0.006426511087441971,0.1377163646999597,1,0.021070855882759885,0.02432871188968427,0.2866358037847428,0,0.0,0.0017132380962853492,3651.4672101316837,0,0.0,2.0660606687910357e-05,489.5372219258579,4,2.502892574578215e-05,6.559956175188071e-06,-2755.271073847048,3,4.010081677515278e-05,1.6152422387232006e-05,1.0235284702372176,0,0.0,0.2616841876608251,0.3915748105493487,1,0.007799876950439814,0.008177234850020244,0.18399634647004925,0,0.0,0.007004580354220598,0.23493377130553023,1,0.01302500738880451,0.013655157000328997,,,,,-9.258535573711313,0,0.0,876660714.3894796,,,,,0.07553867485542833,0,0.0,80479276196.39378,,,,,,,,,,,,,,,,,,,,,-9.258535573711313,0,0.0,876660714.3894796,,,,,0.07553867485542833,0,0.0,80479276196.39378
,,,,0.01000000000000656,0,0.0,429753883361.98157,388.73901220757824,0,0.0,5.792322849889375e-05,82.15699263126491,0,0.0,9.582297317173037e-06,132.59276833115004,0,0.0,8.474850560911884e-07,0.5134441117521089,0,0.0,0.0042867712733719275,0.14246225639778198,0,0.0,0.016031235494978296,0.2960660379367999,0,0.0,0.0009956662832389582,3656.5415044007427,1,1.9707173982747374e-05,1.3781551768149592e-05,505.51873084329145,0,0.0,4.375785135005266e-06,-2747.7899294683157,1,1.3366938925050927e-05,1.058214312616347e-05,1.0256405413846743,0,0.0,0.14095111491329257,0.4043955256241373,1,0.007799876950439814,0.005454582583570346,0.18798148224626055,0,0.0,0.004238602929273999,0.24261131013640674,1,0.01302500738880451,0.009108602469663525,,,,,-9.258535573711196,0,0.0,589061357.0626826,,,,,0.07553867485542963,0,0.0,53643415312.4502,,,,,,,,,,,,,,,,,,,,,-9.258535573711196,0,0.0,589061357.0626826,,,,,0.07553867485542963,0,0.0,53643415312.4502
,,,,0.010000000000006722,0,0.0,282891924252.4046,390.15363207802,0,0.0,3.720166434414686e-05,84.66308877202351,0,0.0,5.991728301221174e-06,134.99444133102148,0,0.0,4.72835370853327e-07,0.5297574731834157,0,0.0,0.002822363484443288,0.14720814809560429,0,0.0,0.01041694591863073,0.3054962720888571,0,0.0,0.0005685418056671,3661.6157986698017,0,0.0,9.073623477651502e-06,521.5002397607251,1,6.257231436445538e-06,2.880969240771774e-06,-2740.3087850895836,0,0.0,6.833426529643145e-06,1.027752612532131,0,0.0,0.07319348591887663,0.41721624069892593,0,0.0,0.0035912377229867583,0.19196661802247184,0,0.0,0.002523479005879277,0.25028884896728326,0,0.0,0.005997004590465775,,,,,-9.258535573711075,0,0.0,385953315.60209167,,,,,0.07553867485543092,0,0.0,35450374289.96466,,,,,,,,,,,,,,,,,,,,,-9.258535573711075,0,0.0,385953315.60209167,,,,,0.07553867485543092,0,0.0,35450374289.96466
,,,,0.010000000000006885,0,0.0,183798743098.13,391.5682519484618,0,0.0,2.354110412820699e-05,87.16918491278211,0,0.0,3.6941341685776292e-06,137.39611433089289,0,0.0,2.5953205331781447e-07,0.5460708346147225,0,0.0,0.001834100628803715,0.1519540397934266,1,0.021070855882759885,0.006674816981507636,0.3149265062409143,0,0.0,0.00031898005933112396,3666.6900929388603,0,0.0,5.896454732928126e-06,537.4817486781587,0,0.0,1.8721853245298544e-06,-2732.8276407108515,0,0.0,4.349430119738653e-06,1.029864683679588,0,0.0,0.03664284865834903,0.43003695577371454,0,0.0,0.002333750206952122,0.19595175379868313,0,0.0,0.0014781312809205212,0.2579663877981597,0,0.0,0.0038971273370487433,,,,,-9.258535573710954,0,0.0,249517678.08240187,,,,,0.07553867485543223,0,0.0,23021231558.663734,,,,,,,,,,,,,,,,,,,,,-9.258535573710954,0,0.0,249517678.08240187,,,,,0.07553867485543223,0,0.0,23021231558.663734
,,,,0.010000000000007048,0,0.0,117865247333.95761,392.9828718189036,1,7.069036855022443e-05,1.4677298792089303e-05,89.6752810535407,1,3.990269901206989e-05,2.245697733368674e-06,139.7977873307643,1,4.163764176278538e-05,1.4014421863037842e-07,0.5623841960460293,1,0.006129944488821971,0.0011764160938085271,0.15669993149124886,0,0.0,0.004217585077678821,0.3243567403929714,1,0.010604190562774698,0.0001758398038763881,3671.7643872079193,0,0.0,3.7820630642029673e-06,553.4632575955923,0,0.0,1.2008441149740019e-06,-2725.3464963321194,2,2.6733877850101855e-05,2.728695758520264e-06,1.0319767548270447,0,0.0,0.017685563743242195,0.44285767084850314,0,0.0,0.001496897857877173,0.19993688957489442,2,0.0501864958262833,0.0008518491012852943,0.2656439266290362,0,0.0,0.002499668364388291,,,,,-9.258535573710837,0,0.0,161318972.9848164,,,,,0.07553867485543353,0,0.0,14755151965.761383,,,,,,,,,,,,,,,,,,,,,-9.258535573710837,0,0.0,161318972.9848164,,,,,0.07553867485543353,0,0.0,14755151965.761383
