 time[s],u[ft/s],v[ft/s],w[ft/s],p[rad/s],q[rad/s],r[rad/s],x_f[ft],y_f[ft],z_f[ft],e0,ex,ey,ez,aileron[deg],elevator[deg],rudder[deg],throttle,alpha[deg],beta[deg],phi[deg],theta[deg],psi[deg]
   0.0000000000000000      ,   210.00000000000000      ,   0.0000000000000000      ,   0.0000000000000000      ,   0.0000000000000000      ,   0.0000000000000000      ,   0.0000000000000000      ,   0.0000000000000000      ,   0.0000000000000000      ,  -5.0000000000000000      ,  0.99904822158185780      ,   0.0000000000000000      ,   4.3619387365336000E-002 ,   0.0000000000000000      ,   0.0000000000000000      ,   0.0000000000000000      ,   0.0000000000000000      ,   0.0000000000000000      ,   0.0000000000000000      ,   0.0000000000000000      ,   0.0000000000000000     
   1.0000000000000000E-002 ,   209.70356498456877      ,   0.0000000000000000      ,  0.31971792143505212      ,   0.0000000000000000      ,  -5.3477895281520930E-004 ,   0.0000000000000000      ,   2.0906713631016305      ,   0.0000000000000000      ,  -5.1813027952249060      ,  0.99904826054270535      ,   0.0000000000000000      ,   4.3618495006071990E-002 ,   0.0000000000000000      ,   0.0000000000000000      ,   0.0000000000000000      ,   0.0000000000000000      ,   0.0000000000000000      ,   5.7346695119909773E-006 ,   0.0000000000000000      ,   0.0000000000000000     
   2.0000000000000000E-002 ,   209.40761276748572      ,   0.0000000000000000      ,  0.63640862395654874      ,   0.0000000000000000      ,  -2.1220965908667214E-003 ,   0.0000000000000000      ,   4.1786708794617837      ,   0.0000000000000000      ,  -5.3591627098669177      ,  0.99904853138551220      ,   0.0000000000000000      ,   4.3612291116738637E-002 ,   0.0000000000000000      ,   0.0000000000000000      ,   0.0000000000000000      ,   0.0000000000000000      ,   0.0000000000000000      ,   1.1462010152853162E-005 ,   0.0000000000000000      ,   0.0000000000000000     
   2.9999999999999999E-002 ,   209.11188764252105      ,   0.0000000000000000      ,  0.94791785966318387      ,   0.0000000000000000      ,  -4.7313225352298531E-003 ,   0.0000000000000000      ,   6.2640011990028590      ,   0.0000000000000000      ,  -5.5335879913039117      ,  0.99904926023795315      ,   0.0000000000000000      ,   4.3595591726670511E-002 ,   0.0000000000000000      ,   0.0000000000000000      ,   0.0000000000000000      ,   0.0000000000000000      ,   0.0000000000000000      ,   1.7182029192337982E-005 ,   0.0000000000000000      ,   0.0000000000000000     
   4.0000000000000001E-002 ,   208.81616411292458      ,   0.0000000000000000      ,   1.2521758631360538      ,   0.0000000000000000      ,  -8.3253418348580872E-003 ,   0.0000000000000000      ,   8.3466623159151716      ,   0.0000000000000000      ,  -5.7045865828997577      ,  0.99905066524703134      ,   0.0000000000000000      ,   4.3563382208733625E-002 ,   0.0000000000000000      ,   0.0000000000000000      ,   0.0000000000000000      ,   0.0000000000000000      ,   0.0000000000000000      ,   2.2894726615571322E-005 ,   0.0000000000000000      ,   0.0000000000000000     
   5.0000000000000003E-002 ,   208.52025223821281      ,   0.0000000000000000      ,   1.5472100136543616      ,   0.0000000000000000      ,  -1.2860974018091555E-002 ,   0.0000000000000000      ,   10.426651782595894      ,   0.0000000000000000      ,  -5.8721661285658815      ,  0.99905295457903021      ,   0.0000000000000000      ,   4.3510848611700265E-002 ,   0.0000000000000000      ,   0.0000000000000000      ,   0.0000000000000000      ,   0.0000000000000000      ,   0.0000000000000000      ,   2.8600095709884050E-005 ,   0.0000000000000000      ,   0.0000000000000000     
   6.0000000000000005E-002 ,   208.22400185339799      ,   0.0000000000000000      ,   1.8311565357749633      ,   0.0000000000000000      ,  -1.8289425087841829E-002 ,   0.0000000000000000      ,   12.503964985031175      ,   0.0000000000000000      ,  -6.0363339822843454      ,  0.99905632432465896      ,   0.0000000000000000      ,   4.3433406807454687E-002 ,   0.0000000000000000      ,   0.0000000000000000      ,   0.0000000000000000      ,   0.0000000000000000      ,   0.0000000000000000      ,   3.4298123820179942E-005 ,   0.0000000000000000      ,   0.0000000000000000     
   7.0000000000000007E-002 ,   207.92730558604484      ,   0.0000000000000000      ,   2.1022711573238211      ,   0.0000000000000000      ,  -2.4556768655195963E-002 ,   0.0000000000000000      ,   14.578595470325135      ,   0.0000000000000000      ,  -6.1970972215287619      ,  0.99906095636260206      ,   0.0000000000000000      ,   4.3326729300086034E-002 ,   0.0000000000000000      ,   0.0000000000000000      ,   0.0000000000000000      ,   0.0000000000000000      ,   0.0000000000000000      ,   3.9988793247341291E-005 ,   0.0000000000000000      ,   0.0000000000000000     
   8.0000000000000002E-002 ,   207.63010063295178      ,   0.0000000000000000      ,   2.3589386513545927      ,   0.0000000000000000      ,  -3.1604452141351450E-002 ,   0.0000000000000000      ,   16.650535315972448      ,   0.0000000000000000      ,  -6.3544626635065251      ,  0.99906701623796845      ,   0.0000000000000000      ,   4.3186769563870825E-002 ,   0.0000000000000000      ,   0.0000000000000000      ,   0.0000000000000000      ,   0.0000000000000000      ,   0.0000000000000000      ,   4.5672082261136433E-005 ,   0.0000000000000000      ,   0.0000000000000000     
   8.9999999999999997E-002 ,   207.33236929428034      ,   0.0000000000000000      ,   2.5996811984523096      ,   0.0000000000000000      ,  -3.9369823744969328E-002 ,   0.0000000000000000      ,   18.719775529698182      ,   0.0000000000000000      ,  -6.5084368831687271      ,  0.99907465111353300      ,   0.0000000000000000      ,   4.3009783798250885E-002 ,   0.0000000000000000      ,   0.0000000000000000      ,   0.0000000000000000      ,   0.0000000000000000      ,   0.0000000000000000      ,   5.1347966196972386E-005 ,   0.0000000000000000      ,   0.0000000000000000     
   9.9999999999999992E-002 ,   207.03413829756246      ,   0.0000000000000000      ,   2.8231655176762533      ,   0.0000000000000000      ,  -4.7786675684037008E-002 ,   0.0000000000000000      ,   20.786306468258033      ,   0.0000000000000000      ,  -6.6590262319893831      ,  0.99908398785118380      ,   0.0000000000000000      ,   4.2792350009967922E-002 ,   0.0000000000000000      ,   0.0000000000000000      ,   0.0000000000000000      ,   0.0000000000000000      ,   0.0000000000000000      ,   5.7016418604655609E-005 ,   0.0000000000000000      ,   0.0000000000000000     
  0.10999999999999999      ,   206.73547697624031      ,   0.0000000000000000      ,   3.0282087280959962      ,   0.0000000000000000      ,  -5.6785799089149283E-002 ,   0.0000000000000000      ,   22.850118263502161      ,   0.0000000000000000      ,  -6.8062368565991447      ,  0.99909513127871108      ,   0.0000000000000000      ,   4.2531384355264393E-002 ,   0.0000000000000000      ,   0.0000000000000000      ,   0.0000000000000000      ,   0.0000000000000000      ,   0.0000000000000000      ,   6.2677412417076520E-005 ,   0.0000000000000000      ,   0.0000000000000000     
  0.11999999999999998      ,   206.43649439637178      ,   0.0000000000000000      ,   3.2137829178266726      ,   0.0000000000000000      ,  -6.6295545857231478E-002 ,   0.0000000000000000      ,   24.911201244244939      ,   0.0000000000000000      ,  -6.9500747164657115      ,  0.99910816269312042      ,   0.0000000000000000      ,   4.2224154698196438E-002 ,   0.0000000000000000      ,   0.0000000000000000      ,   0.0000000000000000      ,   0.0000000000000000      ,   0.0000000000000000      ,   6.8330921107389667E-005 ,   0.0000000000000000      ,   0.0000000000000000     
  0.12999999999999998      ,   206.13733555014548      ,   0.0000000000000000      ,   3.3790184131921146      ,   0.0000000000000000      ,  -7.6242392776658424E-002 ,   0.0000000000000000      ,   26.969546343029677      ,   0.0000000000000000      ,  -7.0905455999385820      ,  0.99912313864620017      ,   0.0000000000000000      ,   4.1868291364297656E-002 ,   0.0000000000000000      ,   0.0000000000000000      ,   0.0000000000000000      ,   0.0000000000000000      ,   0.0000000000000000      ,   7.3976919804761123E-005 ,   0.0000000000000000      ,   0.0000000000000000     
  0.13999999999999999      ,   205.83817675531731      ,   0.0000000000000000      ,   3.5232057565795927      ,   0.0000000000000000      ,  -8.6551503308751027E-002 ,   0.0000000000000000      ,   29.025145477702818      ,   0.0000000000000000      ,  -7.2276551381141010      ,  0.99914009005132565      ,   0.0000000000000000      ,   4.1461795091733089E-002 ,   0.0000000000000000      ,   0.0000000000000000      ,   0.0000000000000000      ,   0.0000000000000000      ,   0.0000000000000000      ,   7.9615386341018749E-005 ,   0.0000000000000000      ,   0.0000000000000000     
  0.14999999999999999      ,   205.53922041521378      ,   0.0000000000000000      ,   3.6457964171381980      ,   0.0000000000000000      ,  -9.7147282555763159E-002 ,   0.0000000000000000      ,   31.077991898779398      ,   0.0000000000000000      ,  -7.3614088161225490      ,  0.99915902164269554      ,   0.0000000000000000      ,   4.1003042204348611E-002 ,   0.0000000000000000      ,   0.0000000000000000      ,   0.0000000000000000      ,   0.0000000000000000      ,   0.0000000000000000      ,   8.5246302203468416E-005 ,   0.0000000000000000      ,   0.0000000000000000     
  0.16000000000000000      ,   205.24068930432787      ,   0.0000000000000000      ,   3.7464022731865536      ,   0.0000000000000000      , -0.10795392115759088      ,   0.0000000000000000      ,   33.128080494849172      ,   0.0000000000000000      ,  -7.4918119815869133      ,  0.99917991180962173      ,   0.0000000000000000      ,   4.0490787052322813E-002 ,   0.0000000000000000      ,   0.0000000000000000      ,   0.0000000000000000      ,   0.0000000000000000      ,   0.0000000000000000      ,   9.0869653372616793E-005 ,   0.0000000000000000      ,   0.0000000000000000     
  0.17000000000000001      ,   204.94282054972746      ,   0.0000000000000000      ,   3.8247939185671029      ,   0.0000000000000000      , -0.11889592413165220      ,   0.0000000000000000      ,   35.175408049694788      ,   0.0000000000000000      ,  -7.6188698501479228      ,  0.99920271281941164      ,   0.0000000000000000      ,   3.9924161786171170E-002 ,   0.0000000000000000      ,   0.0000000000000000      ,   0.0000000000000000      ,   0.0000000000000000      ,   0.0000000000000000      ,   9.6485431027441178E-005 ,   0.0000000000000000      ,   0.0000000000000000     
  0.18000000000000002      ,   204.64585947864060      ,   0.0000000000000000      ,   3.8808978568301047      ,   0.0000000000000000      , -0.12989862099352409      ,   0.0000000000000000      ,   37.219973446321809      ,   0.0000000000000000      ,  -7.7425875080873832      ,  0.99922735143307073      ,   0.0000000000000000      ,   3.9302673548382697E-002 ,   0.0000000000000000      ,   0.0000000000000000      ,   0.0000000000000000      ,   0.0000000000000000      ,   0.0000000000000000      ,   1.0209363210503947E-004 ,   0.0000000000000000      ,   0.0000000000000000     
  0.19000000000000003      ,   204.35005349796839      ,   0.0000000000000000      ,   3.9147926567674678      ,   0.0000000000000000      , -0.14088865385912377      ,   0.0000000000000000      ,   39.261777814687001      ,   0.0000000000000000      ,  -7.8629699122077366      ,  0.99925372990878281      ,   0.0000000000000000      ,   3.8626199183784841E-002 ,   0.0000000000000000      ,   0.0000000000000000      ,   0.0000000000000000      ,   0.0000000000000000      ,   0.0000000000000000      ,   1.0769425970584587E-004 ,   0.0000000000000000      ,   0.0000000000000000     
  0.20000000000000004      ,   204.05564616252917      ,   0.0000000000000000      ,   3.9267041502713078      ,   0.0000000000000000      , -0.15179444062060102      ,   0.0000000000000000      ,   41.300824621508632      ,   0.0000000000000000      ,  -7.9800218872368260      ,  0.99928172737914900      ,   0.0000000000000000      ,   3.7894977584688308E-002 ,   0.0000000000000000      ,   0.0000000000000000      ,   0.0000000000000000      ,   0.0000000000000000      ,   0.0000000000000000      ,   1.1328732333997849E-004 ,   0.0000000000000000      ,   0.0000000000000000     
  0.21000000000000005      ,   203.76287157608979      ,   0.0000000000000000      ,   3.9169997587029086      ,   0.0000000000000000      , -0.16254661069543347      ,   0.0000000000000000      ,   43.337119702106158      ,   0.0000000000000000      ,  -8.0937481211203828      ,  0.99931120157971465      ,   0.0000000000000000      ,   3.7109599799873640E-002 ,   0.0000000000000000      ,   0.0000000000000000      ,   0.0000000000000000      ,   0.0000000000000000      ,   0.0000000000000000      ,   1.1887283901457495E-004 ,   0.0000000000000000      ,   0.0000000000000000     
  0.22000000000000006      ,   203.47194925330027      ,   0.0000000000000000      ,   3.8861820369698732      ,   0.0000000000000000      , -0.17307841125955578      ,   0.0000000000000000      ,   45.370671235705352      ,   0.0000000000000000      ,  -8.2041531586390111      ,  0.99934199089860076      ,   0.0000000000000000      ,   3.6270997047517045E-002 ,   0.0000000000000000      ,   0.0000000000000000      ,   0.0000000000000000      ,   0.0000000000000000      ,   0.0000000000000000      ,   1.2445082916605465E-004 ,   0.0000000000000000      ,   0.0000000000000000     
  0.23000000000000007      ,   203.18307955217739      ,   0.0000000000000000      ,   3.8348815254638926      ,   0.0000000000000000      , -0.18332608227964212      ,   0.0000000000000000      ,   47.401489667022844      ,   0.0000000000000000      ,  -8.3112413938402412      ,  0.99937391671024600      ,   0.0000000000000000      ,   3.5380426781240183E-002 ,   0.0000000000000000      ,   0.0000000000000000      ,   0.0000000000000000      ,   0.0000000000000000      ,   0.0000000000000000      ,   1.3002132244502684E-004 ,   0.0000000000000000      ,   0.0000000000000000     
  0.24000000000000007      ,   202.89643976646238      ,   0.0000000000000000      ,   3.7638489991306150      ,   0.0000000000000000      , -0.19322919904720426      ,   0.0000000000000000      ,   49.429587578180389      ,   0.0000000000000000      ,  -8.4150170618093174      ,  0.99940678595050048      ,   0.0000000000000000      ,   3.4439456965680057E-002 ,   0.0000000000000000      ,   0.0000000000000000      ,   0.0000000000000000      ,   0.0000000000000000      ,   0.0000000000000000      ,   1.3558435336495390E-004 ,   0.0000000000000000      ,   0.0000000000000000     
  0.25000000000000006      ,   202.61218094568437      ,   0.0000000000000000      ,   3.6739472005100366      ,   0.0000000000000000      , -0.20273098127998260      ,   0.0000000000000000      ,   51.454979516069209      ,   0.0000000000000000      ,  -8.5154842303150353      ,  0.99944039388569872      ,   0.0000000000000000      ,   3.3449948723423273E-002 ,   0.0000000000000000      ,   0.0000000000000000      ,   0.0000000000000000      ,   0.0000000000000000      ,   0.0000000000000000      ,   1.4113996182861538E-004 ,   0.0000000000000000      ,   0.0000000000000000     
  0.26000000000000006      ,   202.33042548874988      ,   0.0000000000000000      ,   3.5661421399252493      ,   0.0000000000000000      , -0.21177856818818108      ,   0.0000000000000000      ,   53.477681781170219      ,   0.0000000000000000      ,  -8.6126467918601168      ,  0.99947452702493544      ,   0.0000000000000000      ,   3.2414037518975931E-002 ,   0.0000000000000000      ,   0.0000000000000000      ,   0.0000000000000000      ,   0.0000000000000000      ,   0.0000000000000000      ,   1.4668819254884608E-004 ,   0.0000000000000000      ,   0.0000000000000000     
  0.27000000000000007      ,   202.05126553495836      ,   0.0000000000000000      ,   3.4414940414536139      ,   0.0000000000000000      , -0.22032325920048024      ,   0.0000000000000000      ,   55.497712184524246      ,   0.0000000000000000      ,  -8.7065084566408668      ,  0.99950896612261930      ,   0.0000000000000000      ,   3.1334113047808546E-002 ,   0.0000000000000000      ,   0.0000000000000000      ,   0.0000000000000000      ,   0.0000000000000000      ,   0.0000000000000000      ,   1.5222909438191039E-004 ,   0.0000000000000000      ,   0.0000000000000000     
  0.28000000000000008      ,   201.77476215506974      ,   0.0000000000000000      ,   3.3011480082315674      ,   0.0000000000000000      , -0.22832072030556119      ,   0.0000000000000000      ,   57.515089780031111      ,   0.0000000000000000      ,  -8.7970727468800263      ,  0.99954348921747049      ,   0.0000000000000000      ,   3.0212797999595233E-002 ,   0.0000000000000000      ,   0.0000000000000000      ,   0.0000000000000000      ,   0.0000000000000000      ,   0.0000000000000000      ,   1.5776271959320426E-004 ,   0.0000000000000000      ,   0.0000000000000000     
  0.29000000000000009      ,   201.50094532491252      ,   0.0000000000000000      ,   3.1463244753474990      ,   0.0000000000000000      , -0.23573115618912135      ,   0.0000000000000000      ,   59.529834579537209      ,   0.0000000000000000      ,  -8.8843429929422051      ,  0.99957787465444570      ,   0.0000000000000000      ,   2.9052925864731405E-002 ,   0.0000000000000000      ,   0.0000000000000000      ,   0.0000000000000000      ,   0.0000000000000000      ,   0.0000000000000000      ,   1.6328912307574632E-004 ,   0.0000000000000000      ,   0.0000000000000000     
  0.30000000000000010      ,   201.22981464544085      ,   0.0000000000000000      ,   2.9783095133574000      ,   0.0000000000000000      , -0.24251944853580254      ,   0.0000000000000000      ,   61.541967258252079      ,   0.0000000000000000      ,  -8.9683223315755107      ,  0.99961190403753275      ,   0.0000000000000000      ,   2.7857517952225953E-002 ,   0.0000000000000000      ,   0.0000000000000000      ,   0.0000000000000000      ,   0.0000000000000000      ,   0.0000000000000000      ,   1.6880836154214168E-004 ,   0.0000000000000000      ,   0.0000000000000000     
  0.31000000000000011      ,   200.96134075647311      ,   0.0000000000000000      ,   2.7984450405594785      ,   0.0000000000000000      , -0.24865526102325092      ,   0.0000000000000000      ,   63.551508857924496      ,   0.0000000000000000      ,  -9.0490137065487311      ,  0.99964536506392054      ,   0.0000000000000000      ,   2.6629759785273197E-002 ,   0.0000000000000000      ,   0.0000000000000000      ,   0.0000000000000000      ,   0.0000000000000000      ,   0.0000000000000000      ,   1.7432049271040004E-004 ,   0.0000000000000000      ,   0.0000000000000000     
  0.32000000000000012      ,   200.69546737685104      ,   0.0000000000000000      ,   2.6081189977756947      ,   0.0000000000000000      , -0.25411311166593303      ,   0.0000000000000000      ,   65.558480494920943      ,   0.0000000000000000      ,  -9.1264198718734431      ,  0.99967805419355493      ,   0.0000000000000000      ,   2.5372977038342168E-002 ,   0.0000000000000000      ,   0.0000000000000000      ,   0.0000000000000000      ,   0.0000000000000000      ,   0.0000000000000000      ,   1.7982557450320119E-004 ,   0.0000000000000000      ,   0.0000000000000000     
  0.33000000000000013      ,   200.43211389165404      ,   0.0000000000000000      ,   2.4087555356390480      ,   0.0000000000000000      , -0.25887241327431515      ,   0.0000000000000000      ,   67.562903079900323      ,   0.0000000000000000      ,  -9.2005433977174285      ,  0.99970977911248760      ,   0.0000000000000000      ,   2.4090611176581869E-002 ,   0.0000000000000000      ,   0.0000000000000000      ,   0.0000000000000000      ,   0.0000000000000000      ,   0.0000000000000000      ,   1.8532366427896865E-004 ,   0.0000000000000000      ,   0.0000000000000000     
  0.34000000000000014      ,   200.17117839752899      ,   0.0000000000000000      ,   2.2018052613430177      ,   0.0000000000000000      , -0.26291748288589928      ,   0.0000000000000000      ,   69.564797055187768      ,   0.0000000000000000      ,  -9.2713866790324975      ,  0.99974036095352359      ,   0.0000000000000000      ,   2.2786194954807465E-002 ,   0.0000000000000000      ,   0.0000000000000000      ,   0.0000000000000000      ,   0.0000000000000000      ,   0.0000000000000000      ,   1.9081481811149137E-004 ,   0.0000000000000000      ,   0.0000000000000000     
  0.35000000000000014      ,   199.91254111023130      ,   0.0000000000000000      ,   1.9887355894821988      ,   0.0000000000000000      , -0.26623752110372356      ,   0.0000000000000000      ,   71.564182155238342      ,   0.0000000000000000      ,  -9.3389519468387512      ,  0.99976963624336845      ,   0.0000000000000000      ,   2.1463327929356617E-002 ,   0.0000000000000000      ,   0.0000000000000000      ,   0.0000000000000000      ,   0.0000000000000000      ,   0.0000000000000000      ,   1.9629909013288102E-004 ,   0.0000000000000000      ,   0.0000000000000000     
  0.36000000000000015      ,   199.65606803413883      ,   0.0000000000000000      ,   1.7710212399552319      ,   0.0000000000000000      , -0.26882656235029073      ,   0.0000000000000000      ,   73.561077194772224      ,   0.0000000000000000      ,  -9.4032412820307556      ,  0.99979745855161761      ,   0.0000000000000000      ,   2.0125652131714983E-002 ,   0.0000000000000000      ,   0.0000000000000000      ,   0.0000000000000000      ,   0.0000000000000000      ,   0.0000000000000000      ,   2.0177653195243100E-004 ,   0.0000000000000000      ,   0.0000000000000000     
  0.37000000000000016      ,   199.40161479176265      ,   0.0000000000000000      ,   1.5501349248204159      ,   0.0000000000000000      , -0.27068339711490119      ,   0.0000000000000000      ,   75.555499888279371      ,   0.0000000000000000      ,  -9.4642566315011099      ,  0.99982369982335162      ,   0.0000000000000000      ,   1.8776828048011607E-002 ,   0.0000000000000000      ,   0.0000000000000000      ,   0.0000000000000000      ,   0.0000000000000000      ,   0.0000000000000000      ,   2.0724719216152189E-004 ,   0.0000000000000000      ,   0.0000000000000000     
  0.38000000000000017      ,   199.14903051205502      ,   0.0000000000000000      ,   1.3275382653617041      ,   0.0000000000000000      , -0.27181146734365119      ,   0.0000000000000000      ,   77.547466703659467      ,   0.0000000000000000      ,  -9.5219998263152412      ,  0.99984825138367450      ,   0.0000000000000000      ,   1.7420511043267861E-002 ,   0.0000000000000000      ,   0.0000000000000000      ,   0.0000000000000000      ,   0.0000000000000000      ,   0.0000000000000000      ,   2.1271111593215862E-004 ,   0.0000000000000000      ,   0.0000000000000000     
  0.39000000000000018      ,   198.89816167947194      ,   0.0000000000000000      ,   1.1046729802825315      ,   0.0000000000000000      , -0.27221873619654990      ,   0.0000000000000000      ,   79.536992751805428      ,   0.0000000000000000      ,  -9.5764726016193631      ,  0.99987102460910060      ,   0.0000000000000000      ,   1.6060328363624945E-002 ,   0.0000000000000000      ,   0.0000000000000000      ,   0.0000000000000000      ,   0.0000000000000000      ,   0.0000000000000000      ,   2.1816834471410088E-004 ,   0.0000000000000000      ,   0.0000000000000000     
  0.40000000000000019      ,   198.64885585111432      ,   0.0000000000000000      ,  0.88295238572651069      ,   0.0000000000000000      , -0.27191753347691083      ,   0.0000000000000000      ,   81.524091712980962      ,   0.0000000000000000      ,  -9.6276766179224360      ,  0.99989195126712394      ,   0.0000000000000000      ,   1.4699856843644095E-002 ,   0.0000000000000000      ,   0.0000000000000000      ,   0.0000000000000000      ,   0.0000000000000000      ,   0.0000000000000000      ,   2.2361891603291784E-004 ,   0.0000000000000000      ,   0.0000000000000000     
  0.41000000000000020      ,   198.40096515663058      ,   0.0000000000000000      ,  0.66375324755321397      ,   0.0000000000000000      , -0.27092437812488557      ,   0.0000000000000000      ,   83.508775799906360      ,   0.0000000000000000      ,  -9.6756134833634668      ,  0.99991098353145236      ,   0.0000000000000000      ,   1.3342601439139290E-002 ,   0.0000000000000000      ,   0.0000000000000000      ,   0.0000000000000000      ,   0.0000000000000000      ,   0.0000000000000000      ,   2.2906286338873375E-004 ,   0.0000000000000000      ,   0.0000000000000000     
  0.42000000000000021      ,   198.15434950466795      ,   0.0000000000000000      ,  0.44840802580698469      ,   0.0000000000000000      , -0.26925977925920835      ,   0.0000000000000000      ,   85.491055756574568      ,   0.0000000000000000      ,  -9.7202847765578362      ,  0.99992809368615232      ,   0.0000000000000000      ,   1.1991974698836064E-002 ,   0.0000000000000000      ,   0.0000000000000000      ,   0.0000000000000000      ,   0.0000000000000000      ,   0.0000000000000000      ,   2.3450021625298059E-004 ,   0.0000000000000000      ,   0.0000000000000000     
  0.43000000000000022      ,   197.90887943022742      ,   0.0000000000000000      ,  0.23819755045689303      ,   0.0000000000000000      , -0.26694801734743073      ,   0.0000000000000000      ,   87.470940890990221      ,   0.0000000000000000      ,  -9.7616920696106302      ,  0.99994327353720203      ,   0.0000000000000000      ,   1.0651277280432102E-002 ,   0.0000000000000000      ,   0.0000000000000000      ,   0.0000000000000000      ,   0.0000000000000000      ,   0.0000000000000000      ,   2.3993100015820020E-004 ,   0.0000000000000000      ,   0.0000000000000000     
  0.44000000000000022      ,   197.66443852900451      ,   0.0000000000000000      ,   3.4344166131692527E-002 ,   0.0000000000000000      , -0.26401690718286575      ,   0.0000000000000000      ,   89.448439139275948      ,   0.0000000000000000      ,  -9.7998369508907199      ,  0.99995653355461445      ,   0.0000000000000000      ,   9.3236796083584240E-003 ,   0.0000000000000000      ,   0.0000000000000000      ,   0.0000000000000000      ,   0.0000000000000000      ,   0.0000000000000000      ,   2.4535523687388693E-004 ,   0.0000000000000000      ,   0.0000000000000000     
  0.45000000000000023      ,   197.42092543735973      ,   0.0000000000000000      , -0.16199461836826648      ,   0.0000000000000000      , -0.26049754444323348      ,   0.0000000000000000      ,   91.423557157937012      ,   0.0000000000000000      ,  -9.8347210471760267      ,  0.99996790177228012      ,   0.0000000000000000      ,   8.0122047617119611E-003 ,   0.0000000000000000      ,   0.0000000000000000      ,   0.0000000000000000      ,   0.0000000000000000      ,   0.0000000000000000      ,   2.5077294465956766E-004 ,   0.0000000000000000      ,   0.0000000000000000     
  0.46000000000000024      ,   197.17825532962354      ,   0.0000000000000000      , -0.34973194258701812      ,   0.0000000000000000      , -0.25642403769827726      ,   0.0000000000000000      ,   93.396300440529984      ,   0.0000000000000000      ,  -9.8663460448069422      ,  0.99997742247593413      ,   0.0000000000000000      ,   6.7197126714767545E-003 ,   0.0000000000000000      ,   0.0000000000000000      ,   0.0000000000000000      ,   0.0000000000000000      ,   0.0000000000000000      ,   2.5618413858482137E-004 ,   0.0000000000000000      ,   0.0000000000000000     
  0.47000000000000025      ,   196.93636091766277      ,   0.0000000000000000      , -0.52785683901260294      ,   0.0000000000000000      , -0.25183322781789069      ,   0.0000000000000000      ,   95.366673454552085      ,   0.0000000000000000      ,  -9.8947137095201168      ,  0.99998515471214300      ,   0.0000000000000000      ,   5.4488856963161034E-003 ,   0.0000000000000000      ,   0.0000000000000000      ,   0.0000000000000000      ,   0.0000000000000000      ,   0.0000000000000000      ,   2.6158883090476420E-004 ,   0.0000000000000000      ,   0.0000000000000000     
  0.48000000000000026      ,   196.69519295068375      ,   0.0000000000000000      , -0.69543888371227469      ,   0.0000000000000000      , -0.24676439680505877      ,   0.0000000000000000      ,   97.334679794060762      ,   0.0000000000000000      ,  -9.9198259046773387      ,  0.99999117065289578      ,   0.0000000000000000      ,   4.2022156359635930E-003 ,   0.0000000000000000      ,   0.0000000000000000      ,   0.0000000000000000      ,   0.0000000000000000      ,   0.0000000000000000      ,   2.6698703147868147E-004 ,   0.0000000000000000      ,   0.0000000000000000     
  0.49000000000000027      ,   196.45472022580265      ,   0.0000000000000000      , -0.85163223144222977      ,   0.0000000000000000      , -0.24125896813590686      ,   0.0000000000000000      ,   99.300322343351368      ,   0.0000000000000000      ,  -9.9416846076523520      ,  0.99999555385128402      ,   0.0000000000000000      ,   2.9819922306467904E-003 ,   0.0000000000000000      ,   0.0000000000000000      ,   0.0000000000000000      ,   0.0000000000000000      ,   0.0000000000000000      ,   2.7237874821899212E-004 ,   0.0000000000000000      ,   0.0000000000000000     
  0.50000000000000022      ,   196.21492913167751      ,   0.0000000000000000      , -0.99567901866243447      ,   0.0000000000000000      , -0.23536020072951741      ,   0.0000000000000000      ,   101.26360344696262      ,   0.0000000000000000      ,  -9.9602919241906616      ,  0.99999839742387331      ,   0.0000000000000000      ,   1.7902931841373663E-003 ,   0.0000000000000000      ,   0.0000000000000000      ,   0.0000000000000000      ,   0.0000000000000000      ,   0.0000000000000000      ,   2.7776398755757032E-004 ,   0.0000000000000000      ,   0.0000000000000000     
  0.51000000000000023      ,   195.97582275820179      ,   0.0000000000000000      ,  -1.1269121232712780      ,   0.0000000000000000      , -0.22911287869063515      ,   0.0000000000000000      ,   103.22452508134209      ,   0.0000000000000000      ,  -9.9756501006117784      ,  0.99999980219474160      ,   0.0000000000000000      ,   6.2897573704153299E-004 ,   0.0000000000000000      ,   0.0000000000000000      ,   0.0000000000000000      ,   0.0000000000000000      ,   0.0000000000000000      ,   2.8314275491662027E-004 ,   0.0000000000000000      ,   0.0000000000000000     
  0.52000000000000024      ,   195.73741961467474      ,   0.0000000000000000      ,  -1.2447572755201535      ,   0.0000000000000000      , -0.22256299896734216      ,   0.0000000000000000      ,   105.18308902367976      ,   0.0000000000000000      ,  -9.9877615337783556      ,  0.99999987483484065      ,   0.0000000000000000      ,  -5.0033019406076529E-004 ,   0.0000000000000000      ,   0.0000000000000000      ,   0.0000000000000000      ,   0.0000000000000000      ,   0.0000000000000000      ,   2.8851505517178303E-004 ,   0.0000000000000000      ,   0.0000000000000000     
  0.53000000000000025      ,   195.49975200680268      ,   0.0000000000000000      ,  -1.3487345203317185      ,   0.0000000000000000      , -0.21575745904240681      ,   0.0000000000000000      ,   107.13929701369824      ,   0.0000000000000000      ,  -9.9966287788105301      ,  0.99999872602838080      ,   0.0000000000000000      ,  -1.5962273069320470E-003 ,   0.0000000000000000      ,   0.0000000000000000      ,   0.0000000000000000      ,   0.0000000000000000      ,   0.0000000000000000      ,   2.9388089309592393E-004 ,   0.0000000000000000      ,   0.0000000000000000     
  0.54000000000000026      ,   195.26286412920635      ,   0.0000000000000000      ,  -1.4384590369807118      ,   0.0000000000000000      , -0.20874374673124468      ,   0.0000000000000000      ,   109.09315090456128      ,   0.0000000000000000      ,  -10.002254554575032      ,  0.99999646869543413      ,   0.0000000000000000      ,  -2.6575546394539480E-003 ,   0.0000000000000000      ,   0.0000000000000000      ,   0.0000000000000000      ,   0.0000000000000000      ,   0.0000000000000000      ,   2.9924027377307104E-004 ,   0.0000000000000000      ,   0.0000000000000000     
  0.55000000000000027      ,   195.02680993472239      ,   0.0000000000000000      ,  -1.5136413276596503      ,   0.0000000000000000      , -0.20156963409199460      ,   0.0000000000000000      ,   111.04465279951410      ,   0.0000000000000000      ,  -10.004641747025850      ,  0.99999321629697568      ,   0.0000000000000000      ,  -3.6833897472438554E-003 ,   0.0000000000000000      ,   0.0000000000000000      ,   0.0000000000000000      ,   0.0000000000000000      ,   0.0000000000000000      ,   3.0459320297321726E-004 ,   0.0000000000000000      ,   0.0000000000000000     
  0.56000000000000028      ,   194.79165084465080      ,   0.0000000000000000      ,  -1.5740867917110106      ,   0.0000000000000000      , -0.19428287736553945      ,   0.0000000000000000      ,   112.99380517138623      ,   0.0000000000000000      ,  -10.003793410515248      ,  0.99998908124523256      ,   0.0000000000000000      ,  -4.6730493594316549E-003 ,   0.0000000000000000      ,   0.0000000000000000      ,   0.0000000000000000      ,   0.0000000000000000      ,   0.0000000000000000      ,   3.0993968748011371E-004 ,   0.0000000000000000      ,   0.0000000000000000     
  0.57000000000000028      ,   194.55745336522409      ,   0.0000000000000000      ,  -1.6196947071466292      ,   0.0000000000000000      , -0.18693092475744763      ,   0.0000000000000000      ,   114.94061096265219      ,   0.0000000000000000      ,  -9.9997127672297559      ,  0.99998417343858315      ,   0.0000000000000000      ,  -5.6260885483270179E-003 ,   0.0000000000000000      ,   0.0000000000000000      ,   0.0000000000000000      ,   0.0000000000000000      ,   0.0000000000000000      ,   3.1527973536573409E-004 ,   0.0000000000000000      ,   0.0000000000000000     
  0.58000000000000029      ,   194.32428667501287      ,   0.0000000000000000      ,  -1.6504566453993537      ,   0.0000000000000000      , -0.17956063375233217      ,   0.0000000000000000      ,   116.88507366434247      ,   0.0000000000000000      ,  -9.9924032049347318      ,  0.99997859893644370      ,   0.0000000000000000      ,  -6.5422984575045509E-003 ,   0.0000000000000000      ,   0.0000000000000000      ,   0.0000000000000000      ,   0.0000000000000000      ,   0.0000000000000000      ,   3.2061335620672604E-004 ,   0.0000000000000000      ,   0.0000000000000000     
  0.59000000000000030      ,   194.09222024583431      ,   0.0000000000000000      ,  -1.6664543489912256      ,   0.0000000000000000      , -0.17221799951694824      ,   0.0000000000000000      ,   118.82719737271019      ,   0.0000000000000000      ,  -9.9818682732326653      ,  0.99997245878569541      ,   0.0000000000000000      ,  -7.4217026409500054E-003 ,   0.0000000000000000      ,   0.0000000000000000      ,   0.0000000000000000      ,   0.0000000000000000      ,   0.0000000000000000      ,   3.2594056123984636E-004 ,   0.0000000000000000      ,   0.0000000000000000     
  0.60000000000000031      ,   193.86132155612896      ,   0.0000000000000000      ,  -1.6678571049127198      ,   0.0000000000000000      , -0.16494789580461677      ,   0.0000000000000000      ,   120.76698682317107      ,   0.0000000000000000      ,  -9.9681116785544237      ,  0.99996584800633459      ,   0.0000000000000000      ,  -8.2645520732945194E-003 ,   0.0000000000000000      ,   0.0000000000000000      ,   0.0000000000000000      ,   0.0000000000000000      ,   0.0000000000000000      ,   3.3126136345505778E-004 ,   0.0000000000000000      ,   0.0000000000000000     
  0.61000000000000032      ,   193.63165395088265      ,   0.0000000000000000      ,  -1.6549186489712764      ,   0.0000000000000000      , -0.15779382962348432      ,   0.0000000000000000      ,   122.70444740163137      ,   0.0000000000000000      ,  -9.9511372781091456      ,  0.99995885474026114      ,   0.0000000000000000      ,  -9.0713188977812990E-003 ,   0.0000000000000000      ,   0.0000000000000000      ,   0.0000000000000000      ,   0.0000000000000000      ,   0.0000000000000000      ,   3.3657577762660117E-004 ,   0.0000000000000000      ,   0.0000000000000000     
  0.62000000000000033      ,   193.40327469618367      ,   0.0000000000000000      ,  -1.6279736381923142      ,   0.0000000000000000      , -0.15079771077784512      ,   0.0000000000000000      ,   124.63958513388589      ,   0.0000000000000000      ,  -9.9309490730177359      ,  0.99995155956353976      ,   0.0000000000000000      ,  -9.8426889844427309E-003 ,   0.0000000000000000      ,   0.0000000000000000      ,   0.0000000000000000      ,   0.0000000000000000      ,   0.0000000000000000      ,   3.4188382028391449E-004 ,   0.0000000000000000      ,   0.0000000000000000     
  0.63000000000000034      ,   193.17623326962502      ,   0.0000000000000000      ,  -1.5874337295726764      ,   0.0000000000000000      , -0.14399963723819556      ,   0.0000000000000000      ,   126.57240665429327      ,   0.0000000000000000      ,  -9.9075512008473723      ,  0.99994403495913908      ,   0.0000000000000000      ,  -1.0579553376013535E-002 ,   0.0000000000000000      ,   0.0000000000000000      ,   0.0000000000000000      ,   0.0000000000000000      ,   0.0000000000000000      ,   3.4718550962570960E-004 ,   0.0000000000000000      ,   0.0000000000000000     
  0.64000000000000035      ,   192.95056992020673      ,   0.0000000000000000      ,  -1.5337833041450650      ,   0.0000000000000000      , -0.13743769714448970      ,   0.0000000000000000      ,   128.50291915540882      ,   0.0000000000000000      ,  -9.8809479277508228      ,  0.99993634494414663      ,   0.0000000000000000      ,  -1.1282998703379071E-002 ,   0.0000000000000000      ,   0.0000000000000000      ,   0.0000000000000000      ,   0.0000000000000000      ,   0.0000000000000000      ,   3.5248086538181657E-004 ,   0.0000000000000000      ,   0.0000000000000000     
  0.65000000000000036      ,   192.72631452337927      ,   0.0000000000000000      ,  -1.4675748754777107      ,   0.0000000000000000      , -0.13114778810045044      ,   0.0000000000000000      ,   130.43113032066498      ,   0.0000000000000000      ,  -9.8511436403954917      ,  0.99992854484281202      ,   0.0000000000000000      ,  -1.1954296655881103E-002 ,   0.0000000000000000      ,   0.0000000000000000      ,   0.0000000000000000      ,   0.0000000000000000      ,   0.0000000000000000      ,   3.5776990862852710E-004 ,   0.0000000000000000      ,   0.0000000000000000     
  0.66000000000000036      ,   192.50348574861604      ,   0.0000000000000000      ,  -1.3894242214821766      ,   0.0000000000000000      , -0.12516345427654227      ,   0.0000000000000000      ,   132.35704824253216      ,   0.0000000000000000      ,  -9.8181428378438405      ,  0.99992068119452870      ,   0.0000000000000000      ,  -1.2594892594609214E-002 ,   0.0000000000000000      ,   0.0000000000000000      ,   0.0000000000000000      ,   0.0000000000000000      ,   0.0000000000000000      ,   3.6305266156411186E-004 ,   0.0000000000000000      ,   0.0000000000000000     
  0.67000000000000037      ,   192.28209054861907      ,   0.0000000000000000      ,  -1.3000052778155546      ,   0.0000000000000000      , -0.11951574170663087      ,   0.0000000000000000      ,   134.28068132885997      ,   0.0000000000000000      ,  -9.7819501235203337      ,  0.99991279178405990      ,   0.0000000000000000      ,  -1.3206393398935317E-002 ,   0.0000000000000000      ,   0.0000000000000000      ,   0.0000000000000000      ,   0.0000000000000000      ,   0.0000000000000000      ,   3.6832914725191577E-004 ,   0.0000000000000000      ,   0.0000000000000000     
  0.68000000000000038      ,   192.06212397114260      ,   0.0000000000000000      ,  -1.2000448303242370      ,   0.0000000000000000      , -0.11423307203925763      ,   0.0000000000000000      ,   136.20203820029033      ,   0.0000000000000000      ,  -9.7425701973712560      ,  0.99990490577993218      ,   0.0000000000000000      ,  -1.3790554638045235E-002 ,   0.0000000000000000      ,   0.0000000000000000      ,   0.0000000000000000      ,   0.0000000000000000      ,   0.0000000000000000      ,   3.7359938933896527E-004 ,   0.0000000000000000      ,   0.0000000000000000     
  0.69000000000000039      ,   191.84356928664712      ,   0.0000000000000000      ,  -1.0903170429646558      ,   0.0000000000000000      , -0.10934113488919979      ,   0.0000000000000000      ,   138.12112758174740      ,   0.0000000000000000      ,  -9.7000078482938434      ,  0.99989704396601120      ,   0.0000000000000000      ,  -1.4349267160132675E-002 ,   0.0000000000000000      ,   0.0000000000000000      ,   0.0000000000000000      ,   0.0000000000000000      ,   0.0000000000000000      ,   3.7886341175832644E-004 ,   0.0000000000000000      ,   0.0000000000000000     
  0.70000000000000040      ,   191.62639841773236      ,   0.0000000000000000      , -0.97163785652458512      ,   0.0000000000000000      , -0.10486279882850813      ,   0.0000000000000000      ,   140.03795819104579      ,   0.0000000000000000      ,  -9.6542679468811752      ,  0.99988921905076900      ,   0.0000000000000000      ,  -1.4884543192292606E-002 ,   0.0000000000000000      ,   0.0000000000000000      ,   0.0000000000000000      ,   0.0000000000000000      ,   0.0000000000000000      ,   3.8412123842356021E-004 ,   0.0000000000000000      ,   0.0000000000000000     
  0.71000000000000041      ,   191.41057264968185      ,   0.0000000000000000      , -0.84485929231942936      ,   0.0000000000000000      , -0.10081804095809717      ,   0.0000000000000000      ,   141.95253862762058      ,   0.0000000000000000      ,  -9.6053554385001423      ,  0.99988143603869373      ,   0.0000000000000000      ,  -1.5398502044028014E-002 ,   0.0000000000000000      ,   0.0000000000000000      ,   0.0000000000000000      ,   0.0000000000000000      ,   0.0000000000000000      ,   3.8937289292351120E-004 ,   0.0000000000000000      ,   0.0000000000000000     
  0.72000000000000042      ,   191.19604359560472      ,   0.0000000000000000      , -0.71086369390159543      ,   0.0000000000000000      ,  -9.7223894910509451E-002 ,   0.0000000000000000      ,   143.86487726427524      ,   0.0000000000000000      ,  -9.5532753366926535      ,  0.99987369264859516      ,   0.0000000000000000      ,  -1.5893355506706355E-002 ,   0.0000000000000000      ,   0.0000000000000000      ,   0.0000000000000000      ,   0.0000000000000000      ,   0.0000000000000000      ,   3.9461839822537402E-004 ,   0.0000000000000000      ,   0.0000000000000000     
  0.73000000000000043      ,   190.98275438467491      ,   0.0000000000000000      , -0.57055793873396243      ,   0.0000000000000000      ,  -9.4094417050787679E-002 ,   0.0000000000000000      ,   145.77498214467064      ,   0.0000000000000000      ,  -9.4980327168656196      ,  0.99986597976424829      ,   0.0000000000000000      ,  -1.6371393040306052E-002 ,   0.0000000000000000      ,   0.0000000000000000      ,   0.0000000000000000      ,   0.0000000000000000      ,   0.0000000000000000      ,   3.9985777639350828E-004 ,   0.0000000000000000      ,   0.0000000000000000     
  0.74000000000000044      ,   190.77064103791747      ,   0.0000000000000000      , -0.42486765076253125      ,   0.0000000000000000      ,  -9.1440670564455442E-002 ,   0.0000000000000000      ,   147.68286088904892      ,   0.0000000000000000      ,  -9.4396327102141395      ,  0.99985828190378234      ,   0.0000000000000000      ,  -1.6834966837408739E-002 ,   0.0000000000000000      ,   0.0000000000000000      ,   0.0000000000000000      ,   0.0000000000000000      ,   0.0000000000000000      ,   4.0509104833084069E-004 ,   0.0000000000000000      ,   0.0000000000000000     
  0.75000000000000044      ,   190.55963399292375      ,   0.0000000000000000      , -0.27473144388630255      ,   0.0000000000000000      ,  -8.9270727048386650E-002 ,   0.0000000000000000      ,   149.58852061040503      ,   0.0000000000000000      ,  -9.3780804978051115      ,  0.99985057769549901      ,   0.0000000000000000      ,  -1.7286476852645588E-002 ,   0.0000000000000000      ,   0.0000000000000000      ,   0.0000000000000000      ,   0.0000000000000000      ,   0.0000000000000000      ,   4.1031823354892565E-004 ,   0.0000000000000000      ,   0.0000000000000000     
  0.76000000000000045      ,   190.34965973681631      ,   0.0000000000000000      , -0.12109522545875606      ,   0.0000000000000000      ,  -8.7589685150842533E-002 ,   0.0000000000000000      ,   151.49196784299798      ,   0.0000000000000000      ,  -9.3133813047356178      ,  0.99984284034925242      ,   0.0000000000000000      ,  -1.7728355883713617E-002 ,   0.0000000000000000      ,   0.0000000000000000      ,   0.0000000000000000      ,   0.0000000000000000      ,   0.0000000000000000      ,   4.1553934997185291E-004 ,   0.0000000000000000      ,   0.0000000000000000     
  0.77000000000000046      ,   190.14064250573415      ,   0.0000000000000000      ,   3.5093411852078149E-002 ,   0.0000000000000000      ,  -8.6399705740295665E-002 ,   0.0000000000000000      ,   153.39320848473915      ,   0.0000000000000000      ,  -9.2455403942722967      ,  0.99983503811417840      ,   0.0000000000000000      ,  -1.8163054787656414E-002 ,   0.0000000000000000      ,   0.0000000000000000      ,   0.0000000000000000      ,   0.0000000000000000      ,   0.0000000000000000      ,   4.2075441377821993E-004 ,   0.0000000000000000      ,   0.0000000000000000     
  0.78000000000000047      ,   189.93250600905006      ,   0.0000000000000000      ,  0.19289068229563427      ,   0.0000000000000000      ,  -8.5700063018138886E-002 ,   0.0000000000000000      ,   155.29224775461830      ,   0.0000000000000000      ,  -9.1745630618744300      ,  0.99982713471530316      ,   0.0000000000000000      ,  -1.8593027913362339E-002 ,   0.0000000000000000      ,   0.0000000000000000      ,   0.0000000000000000      ,   0.0000000000000000      ,   0.0000000000000000      ,   4.2596343928435218E-004 ,   0.0000000000000000      ,   0.0000000000000000     
  0.79000000000000048      ,   189.72517513742554      ,   0.0000000000000000      ,  0.35136195659497094      ,   0.0000000000000000      ,  -8.5487210927504248E-002 ,   0.0000000000000000      ,   157.18909016593724      ,   0.0000000000000000      ,  -9.1004546290047976      ,  0.99981908976337286      ,   0.0000000000000000      ,  -1.9020718828179867E-002 ,   0.0000000000000000      ,   0.0000000000000000      ,   0.0000000000000000      ,   0.0000000000000000      ,   0.0000000000000000      ,   4.3116643887088389E-004 ,   0.0000000000000000      ,   0.0000000000000000     
  0.80000000000000049      ,   189.51857761559739      ,   0.0000000000000000      ,  0.50958694288184170      ,   0.0000000000000000      ,  -8.5754864148945509E-002 ,   0.0000000000000000      ,   159.08373951572673      ,   0.0000000000000000      ,  -9.0232204366381072      ,  0.99981085913407342      ,   0.0000000000000000      ,  -1.9448546413190024E-002 ,   0.0000000000000000      ,   0.0000000000000000      ,   0.0000000000000000      ,   0.0000000000000000      ,   0.0000000000000000      ,   4.3636342295372851E-004 ,   0.0000000000000000      ,   0.0000000000000000     
  0.81000000000000050      ,   189.31264556340025      ,   0.0000000000000000      ,  0.66666467396840223      ,   0.0000000000000000      ,  -8.6494092913671050E-002 ,   0.0000000000000000      ,   160.97619889033211      ,   0.0000000000000000      ,  -8.9428658383868900      ,  0.99980239531458714      ,   0.0000000000000000      ,  -1.9878891398014790E-002 ,   0.0000000000000000      ,   0.0000000000000000      ,   0.0000000000000000      ,   0.0000000000000000      ,   0.0000000000000000      ,   4.4155439999940017E-004 ,   0.0000000000000000      ,   0.0000000000000000     
  0.82000000000000051      ,   189.10731693186929      ,   0.0000000000000000      ,  0.82171827693399901      ,   0.0000000000000000      ,  -8.7693430806604161E-002 ,   0.0000000000000000      ,   162.86647068677843      ,   0.0000000000000000      ,  -8.8593961931784939      ,  0.99979364771713430      ,   0.0000000000000000      ,  -2.0314083402084279E-002 ,   0.0000000000000000      ,   0.0000000000000000      ,   0.0000000000000000      ,   0.0000000000000000      ,   0.0000000000000000      ,   4.4673937658361795E-004 ,   0.0000000000000000      ,   0.0000000000000000     
  0.83000000000000052      ,   188.90253678523774      ,   0.0000000000000000      ,  0.97389950217751819      ,   0.0000000000000000      ,  -8.9338994675271774E-002 ,   0.0000000000000000      ,   164.75455664917106      ,   0.0000000000000000      ,  -8.7728168574338721      ,  0.99978456296072471      ,   0.0000000000000000      ,  -2.0756388545042647E-002 ,   0.0000000000000000      ,   0.0000000000000000      ,   0.0000000000000000      ,   0.0000000000000000      ,   0.0000000000000000      ,   4.5191835749115153E-004 ,   0.0000000000000000      ,   0.0000000000000000     
  0.84000000000000052      ,   188.69825840412904      ,   0.0000000000000000      ,   1.1223929904365262      ,   0.0000000000000000      ,  -9.1414615707054003E-002 ,   0.0000000000000000      ,   166.64045791906369      ,   0.0000000000000000      ,  -8.6831331767184938      ,  0.99977508512375735      ,   0.0000000000000000      ,  -2.1207997684454232E-002 ,   0.0000000000000000      ,   0.0000000000000000      ,   0.0000000000000000      ,   0.0000000000000000      ,   0.0000000000000000      ,   4.5709134585397981E-004 ,   0.0000000000000000      ,   0.0000000000000000     
  0.85000000000000053      ,   188.49444419012519      ,   0.0000000000000000      ,   1.2664202578233947      ,   0.0000000000000000      ,  -9.3901980687490269E-002 ,   0.0000000000000000      ,   168.52417509843568      ,   0.0000000000000000      ,  -8.5903504768572798      ,  0.99976515597133375      ,   0.0000000000000000      ,  -2.1671015334193130E-002 ,   0.0000000000000000      ,   0.0000000000000000      ,   0.0000000000000000      ,   0.0000000000000000      ,   0.0000000000000000      ,   4.6225834332403647E-004 ,   0.0000000000000000      ,   0.0000000000000000     
  0.86000000000000054      ,   188.29106635704503      ,   0.0000000000000000      ,   1.4052433806860891      ,   0.0000000000000000      ,  -9.6780782407060673E-002 ,   0.0000000000000000      ,   170.40570832367294      ,   0.0000000000000000      ,  -8.4944740545282080      ,  0.99975471516216308      ,   0.0000000000000000      ,  -2.2147449311880941E-002 ,   0.0000000000000000      ,   0.0000000000000000      ,   0.0000000000000000      ,   0.0000000000000000      ,   0.0000000000000000      ,   4.6741935027613774E-004 ,   0.0000000000000000      ,   0.0000000000000000     
  0.87000000000000055      ,   188.08810739956007      ,   0.0000000000000000      ,   1.5381683640677208      ,   0.0000000000000000      , -0.10002887814411793      ,   0.0000000000000000      ,   172.28505734874204      ,   0.0000000000000000      ,  -8.3955091673724525      ,  0.99974370044072036      ,   0.0000000000000000      ,  -2.2639201158503982E-002 ,   0.0000000000000000      ,   0.0000000000000000      ,   0.0000000000000000      ,   0.0000000000000000      ,   0.0000000000000000      ,   4.7257436603612813E-004 ,   0.0000000000000000      ,   0.0000000000000000     
  0.88000000000000056      ,   187.88556033508834      ,   0.0000000000000000      ,   1.6645481797047075      ,   0.0000000000000000      , -0.10362245511840182      ,   0.0000000000000000      ,   174.16222163559169      ,   0.0000000000000000      ,  -8.2934610236818145      ,  0.99973204782086045      ,   0.0000000000000000      ,  -2.3148057367922709E-002 ,   0.0000000000000000      ,   0.0000000000000000      ,   0.0000000000000000      ,   0.0000000000000000      ,   0.0000000000000000      ,   4.7772338912884849E-004 ,   0.0000000000000000      ,   0.0000000000000000     
  0.89000000000000057      ,   187.68342872011033      ,   0.0000000000000000      ,   1.7837854618491120      ,   0.0000000000000000      , -0.10753620178372707      ,   0.0000000000000000      ,   176.03720044970953      ,   0.0000000000000000      ,  -8.1883347717461099      ,  0.99971969176738706      ,   0.0000000000000000      ,  -2.3675681458417183E-002 ,   0.0000000000000000      ,   0.0000000000000000      ,   0.0000000000000000      ,   0.0000000000000000      ,   0.0000000000000000      ,   4.8286641754024748E-004 ,   0.0000000000000000      ,   0.0000000000000000     
  0.90000000000000058      ,   187.48172644703689      ,   0.0000000000000000      ,   1.8953348516983646      ,   0.0000000000000000      , -0.11174348381078668      ,   0.0000000000000000      ,   177.90999295870623      ,   0.0000000000000000      ,  -8.0801354889633608      ,  0.99970656538213121      ,   0.0000000000000000      ,  -2.4223606912732162E-002 ,   0.0000000000000000      ,   0.0000000000000000      ,   0.0000000000000000      ,   0.0000000000000000      ,   0.0000000000000000      ,   4.8800344898779506E-004 ,   0.0000000000000000      ,   0.0000000000000000     
  0.91000000000000059      ,   187.28047733241365      ,   0.0000000000000000      ,   1.9987049838294941      ,   0.0000000000000000      , -0.11621652360218758      ,   0.0000000000000000      ,   179.78059833179188      ,   0.0000000000000000      ,  -7.9688681708335398      ,  0.99969260060091314      ,   0.0000000000000000      ,  -2.4793231007336290E-002 ,   0.0000000000000000      ,   0.0000000000000000      ,   0.0000000000000000      ,   0.0000000000000000      ,   0.0000000000000000      ,   4.9313448119334483E-004 ,   0.0000000000000000      ,   0.0000000000000000     
  0.92000000000000060      ,   187.07971451148165      ,   0.0000000000000000      ,   2.0934601107237749      ,   0.0000000000000000      , -0.12092658218227668      ,   0.0000000000000000      ,   181.64901583805209      ,   0.0000000000000000      ,  -7.8545377199716775      ,  0.99967772840736158      ,   0.0000000000000000      ,  -2.5385809545837044E-002 ,   0.0000000000000000      ,   0.0000000000000000      ,   0.0000000000000000      ,   0.0000000000000000      ,   0.0000000000000000      ,   4.9825951215270244E-004 ,   0.0000000000000000      ,   0.0000000000000000     
  0.93000000000000060      ,   186.87947965784437      ,   0.0000000000000000      ,   2.1792213641859255      ,   0.0000000000000000      , -0.12584414231424665      ,   0.0000000000000000      ,   183.51524494151647      ,   0.0000000000000000      ,  -7.7371489352879443      ,  0.99966187906896120      ,   0.0000000000000000      ,  -2.6002452505743463E-002 ,   0.0000000000000000      ,   0.0000000000000000      ,   0.0000000000000000      ,   0.0000000000000000      ,   0.0000000000000000      ,   5.0337854039639730E-004 ,   0.0000000000000000      ,   0.0000000000000000     
  0.94000000000000061      ,   186.67982205015520      ,   0.0000000000000000      ,   2.2556676551623589      ,   0.0000000000000000      , -0.13093909171643001      ,   0.0000000000000000      ,   185.37928539114097      ,   0.0000000000000000      ,  -7.6167065014904791      ,  0.99964498239992261      ,   0.0000000000000000      ,  -2.6644120602089465E-002 ,   0.0000000000000000      ,   0.0000000000000000      ,   0.0000000000000000      ,   0.0000000000000000      ,   0.0000000000000000      ,   5.0849156523650226E-004 ,   0.0000000000000000      ,   0.0000000000000000     
  0.95000000000000062      ,   186.48079751028530      ,   0.0000000000000000      ,   2.3225362160982366      ,   0.0000000000000000      , -0.13618090527836224      ,   0.0000000000000000      ,   187.24113730398975      ,   0.0000000000000000      ,  -7.4932149790710811      ,  0.99962696805453133      ,   0.0000000000000000      ,  -2.7311622765867884E-002 ,   0.0000000000000000      ,   0.0000000000000000      ,   0.0000000000000000      ,   0.0000000000000000      ,   0.0000000000000000      ,   5.1359858699479965E-004 ,   0.0000000000000000      ,   0.0000000000000000     
  0.96000000000000063      ,   186.28246723932929      ,   0.0000000000000000      ,   2.3796227924980919      ,   0.0000000000000000      , -0.14153882521466166      ,   0.0000000000000000      ,   189.10080124009892      ,   0.0000000000000000      ,  -7.3666787949342556      ,  0.99960776585359068      ,   0.0000000000000000      ,  -2.8005614529824897E-002 ,   0.0000000000000000      ,   0.0000000000000000      ,   0.0000000000000000      ,   0.0000000000000000      ,   0.0000000000000000      ,   5.1869960720813118E-004 ,   0.0000000000000000      ,   0.0000000000000000     
  0.97000000000000064      ,   186.08489657903979      ,   0.0000000000000000      ,   2.4267814927282432      ,   0.0000000000000000      , -0.14698203814037616      ,   0.0000000000000000      ,   190.95827826772640      ,   0.0000000000000000      ,  -7.2371022338264925      ,  0.99958730614541547      ,   0.0000000000000000      ,  -2.8726597308966848E-002 ,   0.0000000000000000      ,   0.0000000000000000      ,   0.0000000000000000      ,   0.0000000000000000      ,   0.0000000000000000      ,   5.2379462880737656E-004 ,   0.0000000000000000      ,   0.0000000000000000     
  0.98000000000000065      ,   185.88815372685318      ,   0.0000000000000000      ,   2.4639243072852155      ,   0.0000000000000000      , -0.15247984810434678      ,   0.0000000000000000      ,   192.81357001793543      ,   0.0000000000000000      ,  -7.1044894307151889      ,  0.99956552020164680      ,   0.0000000000000000      ,  -2.9474918558176046E-002 ,   0.0000000000000000      ,   0.0000000000000000      ,   0.0000000000000000      ,   0.0000000000000000      ,   0.0000000000000000      ,   5.2888365626717576E-004 ,   0.0000000000000000      ,   0.0000000000000000     
  0.99000000000000066      ,   185.69230843259541      ,   0.0000000000000000      ,   2.4910203107235751      ,   0.0000000000000000      , -0.15800184467635375      ,   0.0000000000000000      ,   194.66667872771464      ,   0.0000000000000000      ,  -6.9688443642554629      ,  0.99954234064692404      ,   0.0000000000000000      ,  -3.0250772784651558E-002 ,   0.0000000000000000      ,   0.0000000000000000      ,   0.0000000000000000      ,   0.0000000000000000      ,   0.0000000000000000      ,   5.3396669572420630E-004 ,   0.0000000000000000      ,   0.0000000000000000     
   1.0000000000000007      ,   185.49743070426962      ,   0.0000000000000000      ,   2.5080945611670726      ,   0.0000000000000000      , -0.16351806524826029      ,   0.0000000000000000      ,   196.51760727110175      ,   0.0000000000000000      ,  -6.8301708514685728      ,  0.99951770192023348      ,   0.0000000000000000      ,  -3.1054203388514019E-002 ,   0.0000000000000000      ,   0.0000000000000000      ,   0.0000000000000000      ,   0.0000000000000000      ,   0.0000000000000000      ,   5.3904375506255481E-004 ,   0.0000000000000000      ,   0.0000000000000000     
   1.0100000000000007      ,   185.30358954907194      ,   0.0000000000000000      ,   2.5152267138047524      ,   0.0000000000000000      , -0.16899915077790251      ,   0.0000000000000000      ,   198.36635917804321      ,   0.0000000000000000      ,  -6.6884725437380785      ,  0.99949154076457947      ,   0.0000000000000000      ,  -3.1885105300863588E-002 ,   0.0000000000000000      ,   0.0000000000000000      ,   0.0000000000000000      ,   0.0000000000000000      ,   0.0000000000000000      ,   5.4411484396544880E-004 ,   0.0000000000000000      ,   0.0000000000000000     
   1.0200000000000007      ,   185.11085177401219      ,   0.0000000000000000      ,   2.5125493659926881      ,   0.0000000000000000      , -0.17441649427592471      ,   0.0000000000000000      ,   200.21293864098277      ,   0.0000000000000000      ,  -6.5437529242097616      ,  0.99946379674050034      ,   0.0000000000000000      ,  -3.2743228384873591E-002 ,   0.0000000000000000      ,   0.0000000000000000      ,   0.0000000000000000      ,   0.0000000000000000      ,   0.0000000000000000      ,   5.4917997393332918E-004 ,   0.0000000000000000      ,   0.0000000000000000     
   1.0300000000000007      ,   184.91928086829734      ,   0.0000000000000000      ,   2.5002461525439021      ,   0.0000000000000000      , -0.17974238140897578      ,   0.0000000000000000      ,   202.05735050942275      ,   0.0000000000000000      ,  -6.3960153066590788      ,  0.99943441275794720      ,   0.0000000000000000      ,  -3.3628181562152221E-002 ,   0.0000000000000000      ,   0.0000000000000000      ,   0.0000000000000000      ,   0.0000000000000000      ,   0.0000000000000000      ,   5.5423915826893235E-004 ,   0.0000000000000000      ,   0.0000000000000000     
   1.0400000000000007      ,   184.72893598703780      ,   0.0000000000000000      ,   2.4785496105025491      ,   0.0000000000000000      , -0.18495012266657324      ,   0.0000000000000000      ,   203.89960027293805      ,   0.0000000000000000      ,  -6.2452628358661633      ,  0.99940333562013128      ,   0.0000000000000000      ,  -3.4539437623615922E-002 ,   0.0000000000000000      ,   0.0000000000000000      ,   0.0000000000000000      ,   0.0000000000000000      ,   0.0000000000000000      ,   5.5929241203069718E-004 ,   0.0000000000000000      ,   0.0000000000000000     
   1.0500000000000007      ,   184.53987105293561      ,   0.0000000000000000      ,   2.4477388331785832      ,   0.0000000000000000      , -0.19001417661250006      ,   0.0000000000000000      ,   205.73969403333922      ,   0.0000000000000000      ,  -6.0914984895136195      ,  0.99937051657218512      ,   0.0000000000000000      ,  -3.5476338681492803E-002 ,   0.0000000000000000      ,   0.0000000000000000      ,   0.0000000000000000      ,   0.0000000000000000      ,   0.0000000000000000      ,   5.6433975195640997E-004 ,   0.0000000000000000      ,   0.0000000000000000     
   1.0600000000000007      ,   184.35213398948562      ,   0.0000000000000000      ,   2.4081369334859652      ,   0.0000000000000000      , -0.19491026381393572      ,   0.0000000000000000      ,   207.57763846687473      ,   0.0000000000000000      ,  -5.9347250815971755      ,  0.99933591184688131      ,   0.0000000000000000      ,  -3.6438102216809758E-002 ,   0.0000000000000000      ,   0.0000000000000000      ,   0.0000000000000000      ,   0.0000000000000000      ,   0.0000000000000000      ,   5.6938119635952574E-004 ,   0.0000000000000000      ,   0.0000000000000000     
   1.0700000000000007      ,   184.16576609594748      ,   0.0000000000000000      ,   2.3601083367050131      ,   0.0000000000000000      , -0.19961547111188097      ,   0.0000000000000000      ,   209.41344077752967      ,   0.0000000000000000      ,  -5.7749452673142230      ,  0.99929948319918915      ,   0.0000000000000000      ,  -3.7423827674804080E-002 ,   0.0000000000000000      ,   0.0000000000000000      ,   0.0000000000000000      ,   0.0000000000000000      ,   0.0000000000000000      ,   5.7441676500106717E-004 ,   0.0000000000000000      ,   0.0000000000000000     
   1.0800000000000007      ,   183.98080157099949      ,   0.0000000000000000      ,   2.3040559227043409      ,   0.0000000000000000      , -0.20410834596420607      ,   0.0000000000000000      ,   211.24710864261689      ,   0.0000000000000000      ,  -5.6121615493709500      ,  0.99926119842120231      ,   0.0000000000000000      ,  -3.8432503559131831E-002 ,   0.0000000000000000      ,   0.0000000000000000      ,   0.0000000000000000      ,   0.0000000000000000      ,   0.0000000000000000      ,   5.7944647894038329E-004 ,   0.0000000000000000      ,   0.0000000000000000     
   1.0900000000000007      ,   183.79726718864475      ,   0.0000000000000000      ,   2.2404180374378675      ,   0.0000000000000000      , -0.20836898065737749      ,   0.0000000000000000      ,   213.07865015196512      ,   0.0000000000000000      ,  -5.4463762856256537      ,  0.99922103182885513      ,   0.0000000000000000      ,  -3.9463014974504995E-002 ,   0.0000000000000000      ,   0.0000000000000000      ,   0.0000000000000000      ,   0.0000000000000000      ,   0.0000000000000000      ,   5.8447036036834293E-004 ,   0.0000000000000000      ,   0.0000000000000000     
   1.1000000000000008      ,   183.61518212667033      ,   0.0000000000000000      ,   2.1696653932053969      ,   0.0000000000000000      , -0.21237908624429108      ,   0.0000000000000000      ,   214.90807374208555      ,   0.0000000000000000      ,  -5.2775916979644331      ,  0.99917896471195278      ,   0.0000000000000000      ,  -4.0514151566466171E-002 ,   0.0000000000000000      ,   0.0000000000000000      ,   0.0000000000000000      ,   0.0000000000000000      ,   0.0000000000000000      ,   5.8948843242675520E-004 ,   0.0000000000000000      ,   0.0000000000000000     
   1.1100000000000008      ,   183.43455794482966      ,   0.0000000000000000      ,   2.0922978767580540      ,   0.0000000000000000      , -0.21612205612349855      ,   0.0000000000000000      ,   216.73538812674437      ,   0.0000000000000000      ,  -5.1058098822861906      ,  0.99913498573928206      ,   0.0000000000000000      ,  -4.1584615806384694E-002 ,   0.0000000000000000      ,   0.0000000000000000      ,   0.0000000000000000      ,   0.0000000000000000      ,   0.0000000000000000      ,   5.9450071901793198E-004 ,   0.0000000000000000      ,   0.0000000000000000     
   1.1200000000000008      ,   183.25539870698179      ,   0.0000000000000000      ,   2.0088412838667979      ,   0.0000000000000000      , -0.21958301922942344      ,   0.0000000000000000      ,   218.56060222538346      ,   0.0000000000000000      ,  -4.9310328194571493      ,  0.99908909131101797      ,   0.0000000000000000      ,  -4.2673031569418735E-002 ,   0.0000000000000000      ,   0.0000000000000000      ,   0.0000000000000000      ,   0.0000000000000000      ,   0.0000000000000000      ,   5.9950724460834692E-004 ,   0.0000000000000000      ,   0.0000000000000000     
   1.1300000000000008      ,   183.07770123873144      ,   0.0000000000000000      ,   1.9198439984748699      ,   0.0000000000000000      , -0.22274888285400091      ,   0.0000000000000000      ,   220.38372509081626      ,   0.0000000000000000      ,  -4.7532623870811817      ,  0.99904128585120788      ,   0.0000000000000000      ,  -4.3777952953114797E-002 ,   0.0000000000000000      ,   0.0000000000000000      ,   0.0000000000000000      ,   0.0000000000000000      ,   0.0000000000000000      ,   6.0450803403030680E-004 ,   0.0000000000000000      ,   0.0000000000000000     
   1.1400000000000008      ,   182.90145550971317      ,   0.0000000000000000      ,   1.8258736340410679      ,   0.0000000000000000      , -0.22560836516771496      ,   0.0000000000000000      ,   222.20476583758179      ,   0.0000000000000000      ,  -4.5725003719214294      ,  0.99899158203386751      ,   0.0000000000000000      ,  -4.4897873284497208E-002 ,   0.0000000000000000      ,   0.0000000000000000      ,   0.0000000000000000      ,   0.0000000000000000      ,   0.0000000000000000      ,   6.0950311228542809E-004 ,   0.0000000000000000      ,   0.0000000000000000     
   1.1500000000000008      ,   182.72664512758715      ,   0.0000000000000000      ,   1.7275136541639675      ,   0.0000000000000000      , -0.22815201755248191      ,   0.0000000000000000      ,   224.02373357227097      ,   0.0000000000000000      ,  -4.3887484828011285      ,  0.99894000093706337      ,   0.0000000000000000      ,  -4.6031234263918287E-002 ,   0.0000000000000000      ,   0.0000000000000000      ,   0.0000000000000000      ,   0.0000000000000000      ,   0.0000000000000000      ,   6.1449250435352380E-004 ,   0.0000000000000000      ,   0.0000000000000000     
   1.1600000000000008      ,   182.55324792908860      ,   0.0000000000000000      ,   1.6253599890669814      ,   0.0000000000000000      , -0.23037223690052655      ,   0.0000000000000000      ,   225.84063732704436      ,   0.0000000000000000      ,  -4.2020083638073418      ,  0.99888657212034404      ,   0.0000000000000000      ,  -4.7176435194584088E-002 ,   0.0000000000000000      ,   0.0000000000000000      ,   0.0000000000000000      ,   0.0000000000000000      ,   0.0000000000000000      ,   6.1947623501024357E-004 ,   0.0000000000000000      ,   0.0000000000000000     
   1.1700000000000008      ,   182.38123665212044      ,   0.0000000000000000      ,   1.5200176640257355      ,   0.0000000000000000      , -0.23226326807261907      ,   0.0000000000000000      ,   227.65548599744747      ,   0.0000000000000000      ,  -4.0122816076204817      ,  0.99883133362192866      ,   0.0000000000000000      ,  -4.8331842247526395E-002 ,   0.0000000000000000      ,   0.0000000000000000      ,   0.0000000000000000      ,   0.0000000000000000      ,   0.0000000000000000      ,   6.2445432865650260E-004 ,   0.0000000000000000      ,   0.0000000000000000     
   1.1800000000000008      ,   182.21057967190504      ,   0.0000000000000000      ,   1.4120974553337338      ,   0.0000000000000000      , -0.23382119674609125      ,   0.0000000000000000      ,   229.46828828549667      ,   0.0000000000000000      ,  -3.8195697687950148      ,  0.99877433187320575      ,   0.0000000000000000      ,  -4.9495797712850988E-002 ,   0.0000000000000000      ,   0.0000000000000000      ,   0.0000000000000000      ,   0.0000000000000000      ,   0.0000000000000000      ,   6.2942680916236720E-004 ,   0.0000000000000000      ,   0.0000000000000000     
   1.1900000000000008      ,   182.04124178362417      ,   0.0000000000000000      ,   1.3022125889272658      ,   0.0000000000000000      , -0.23504393291820969      ,   0.0000000000000000      ,   231.27905264886328      ,   0.0000000000000000      ,  -3.6238743768224717      ,  0.99871562152926685      ,   0.0000000000000000      ,  -5.0666629189342831E-002 ,   0.0000000000000000      ,   0.0000000000000000      ,   0.0000000000000000      ,   0.0000000000000000      ,   0.0000000000000000      ,   6.3439369972766841E-004 ,   0.0000000000000000      ,   0.0000000000000000     
   1.2000000000000008      ,   181.87318501376819      ,   0.0000000000000000      ,   1.1909754963203747      ,   0.0000000000000000      , -0.23593118536399607      ,   0.0000000000000000      ,   233.08778725682592      ,   0.0000000000000000      ,  -3.4251969488166805      ,  0.99865526521540282      ,   0.0000000000000000      ,  -5.1842658665943508E-002 ,   0.0000000000000000      ,   0.0000000000000000      ,   0.0000000000000000      ,   0.0000000000000000      ,   0.0000000000000000      ,   6.3935502276117910E-004 ,   0.0000000000000000      ,   0.0000000000000000     
   1.2100000000000009      ,   181.70636944257723      ,   0.0000000000000000      ,   1.0789946420274519      ,   0.0000000000000000      , -0.23648442737963948      ,   0.0000000000000000      ,   234.89449995349779      ,   0.0000000000000000      ,  -3.2235390016726999      ,  0.99859333319070753      ,   0.0000000000000000      ,  -5.3022211450227390E-002 ,   0.0000000000000000      ,   0.0000000000000000      ,   0.0000000000000000      ,   0.0000000000000000      ,   0.0000000000000000      ,   6.4431079977974833E-004 ,   0.0000000000000000      ,   0.0000000000000000     
   1.2200000000000009      ,   181.54075402046911      ,   0.0000000000000000      ,  0.96687143616489790      ,   0.0000000000000000      , -0.23670685417337273      ,   0.0000000000000000      ,   236.69919822866774      ,   0.0000000000000000      ,  -3.0189020635650370      ,  0.99852990293111188      ,   0.0000000000000000      ,  -5.4203624900781303E-002 ,   0.0000000000000000      ,   0.0000000000000000      ,   0.0000000000000000      ,   0.0000000000000000      ,   0.0000000000000000      ,   6.4926105132831805E-004 ,   0.0000000000000000      ,   0.0000000000000000     
   1.2300000000000009      ,   181.37629736218727      ,   0.0000000000000000      ,  0.85519724541357123      ,   0.0000000000000000      , -0.23660333229514294      ,   0.0000000000000000      ,   238.50188919642693      ,   0.0000000000000000      ,  -2.8112876846669552      ,  0.99846505863532720      ,   0.0000000000000000      ,  -5.5385256922332891E-002 ,   0.0000000000000000      ,   0.0000000000000000      ,   0.0000000000000000      ,   0.0000000000000000      ,   0.0000000000000000      ,   6.5420579692129657E-004 ,   0.0000000000000000      ,   0.0000000000000000     
   1.2400000000000009      ,   181.21295850353789      ,   0.0000000000000000      ,  0.74455051497951774      ,   0.0000000000000000      , -0.23618034152458978      ,   0.0000000000000000      ,   240.30257958158893      ,   0.0000000000000000      ,  -2.6006974469907229      ,  0.99839889065826581      ,   0.0000000000000000      ,  -5.6565494184565981E-002 ,   0.0000000000000000      ,   0.0000000000000000      ,   0.0000000000000000      ,   0.0000000000000000      ,   0.0000000000000000      ,   6.5914505500530996E-004 ,   0.0000000000000000      ,   0.0000000000000000     
   1.2500000000000009      ,   181.05069760698356      ,   0.0000000000000000      ,  0.63549401360130908      ,   0.0000000000000000      , -0.23544590966367254      ,   0.0000000000000000      ,   242.10127571375406      ,   0.0000000000000000      ,  -2.3871329732680251      ,  0.99833149487751405      ,   0.0000000000000000      ,  -5.7742760027800051E-002 ,   0.0000000000000000      ,   0.0000000000000000      ,   0.0000000000000000      ,   0.0000000000000000      ,   0.0000000000000000      ,   6.6407884294291959E-004 ,   0.0000000000000000      ,   0.0000000000000000     
   1.2600000000000009      ,   180.88947660398483      ,   0.0000000000000000      ,  0.52857221300899204      ,   0.0000000000000000      , -0.23440954070562575      ,   0.0000000000000000      ,   243.89798352872091      ,   0.0000000000000000      ,  -2.1705959348100849      ,  0.99826297199935399      ,   0.0000000000000000      ,  -5.8915522021086138E-002 ,   0.0000000000000000      ,   0.0000000000000000      ,   0.0000000000000000      ,   0.0000000000000000      ,   0.0000000000000000      ,   6.6900717701649424E-004 ,   0.0000000000000000      ,   0.0000000000000000     
   1.2700000000000009      ,   180.72925976378713      ,   0.0000000000000000      ,  0.42430881253466873      ,   0.0000000000000000      , -0.23308213687557738      ,   0.0000000000000000      ,   245.69270857681272      ,   0.0000000000000000      ,  -1.9510880583078363      ,  0.99819342681163692      ,   0.0000000000000000      ,  -6.0082299140773905E-002 ,   0.0000000000000000      ,   0.0000000000000000      ,   0.0000000000000000      ,   0.0000000000000000      ,   0.0000000000000000      ,   6.7393007245104917E-004 ,   0.0000000000000000      ,   0.0000000000000000     
   1.2800000000000009      ,   180.57001418029739      ,   0.0000000000000000      ,  0.32320441880281059      ,   0.0000000000000000      , -0.23147591505990472      ,   0.0000000000000000      ,   247.48545603756557      ,   0.0000000000000000      ,  -1.7286111315533266      ,  0.99812296739149808      ,   0.0000000000000000      ,  -6.1241668540222081E-002 ,   0.0000000000000000      ,   0.0000000000000000      ,   0.0000000000000000      ,   0.0000000000000000      ,   0.0000000000000000      ,   6.7884754345453561E-004 ,   0.0000000000000000      ,   0.0000000000000000     
   1.2900000000000009      ,   180.41171017073728      ,   0.0000000000000000      ,  0.22573438958680933      ,   0.0000000000000000      , -0.22960431816096627      ,   0.0000000000000000      ,   249.27623074012021      ,   0.0000000000000000      ,  -1.5031670080839583      ,  0.99805170427646051      ,   0.0000000000000000      ,  -6.2392271884046037E-002 ,   0.0000000000000000      ,   0.0000000000000000      ,   0.0000000000000000      ,   0.0000000000000000      ,   0.0000000000000000      ,   6.8375960327377472E-004 ,   0.0000000000000000      ,   0.0000000000000000     
   1.3000000000000009      ,   180.25432158185140      ,   0.0000000000000000      ,  0.13234685000697163      ,   0.0000000000000000      , -0.22748192193096042      ,   0.0000000000000000      ,   251.06503718857334      ,   0.0000000000000000      ,  -1.2747576107707748      ,  0.99797974960789293      ,   0.0000000000000000      ,  -6.3532821223107272E-002 ,   0.0000000000000000      ,   0.0000000000000000      ,   0.0000000000000000      ,   0.0000000000000000      ,   0.0000000000000000      ,   6.8866626426399642E-004 ,   0.0000000000000000      ,   0.0000000000000000     
   1.3100000000000009      ,   180.09782600154651      ,   0.0000000000000000      ,   4.3460888266949729E-002 ,   0.0000000000000000      , -0.22512433785304711      ,   0.0000000000000000      ,   252.85187959147601      ,   0.0000000000000000      ,  -1.0433849343903856      ,  0.99790721625607193      ,   0.0000000000000000      ,  -6.4662104389335714E-002 ,   0.0000000000000000      ,   0.0000000000000000      ,   0.0000000000000000      ,   0.0000000000000000      ,   0.0000000000000000      ,   6.9356753796975183E-004 ,   0.0000000000000000      ,   0.0000000000000000     
   1.3200000000000010      ,   179.94220487589746      ,   0.0000000000000000      ,  -4.0535062914035705E-002 ,   0.0000000000000000      , -0.22254811264926538      ,   0.0000000000000000      ,   254.63676189461870      ,   0.0000000000000000      , -0.80905104723691645      ,  0.99783421693622676      ,   0.0000000000000000      ,  -6.5778989892420078E-002 ,   0.0000000000000000      ,   0.0000000000000000      ,   0.0000000000000000      ,   0.0000000000000000      ,   0.0000000000000000      ,   6.9846343521484298E-004 ,   0.0000000000000000      ,   0.0000000000000000     
   1.3300000000000010      ,   179.78744353343575      ,   0.0000000000000000      , -0.11928465410888218      ,   0.0000000000000000      , -0.21977062500295708      ,   0.0000000000000000      ,   256.41968781621449      ,   0.0000000000000000      , -0.57175809184527204      ,  0.99776086332494907      ,   0.0000000000000000      ,  -6.6882431303387779E-002 ,   0.0000000000000000      ,   0.0000000000000000      ,   0.0000000000000000      ,   0.0000000000000000      ,   0.0000000000000000      ,   7.0335396619882905E-004 ,   0.0000000000000000      ,   0.0000000000000000     
   1.3400000000000010      ,   179.63353112050055      ,   0.0000000000000000      , -0.19246485230215427      ,   0.0000000000000000      , -0.21680998008816907      ,   0.0000000000000000      ,   258.20066088358305      ,   0.0000000000000000      , -0.33150828490972650      ,  0.99768726518620066      ,   0.0000000000000000      ,  -6.7971471113105419E-002 ,   0.0000000000000000      ,   0.0000000000000000      ,   0.0000000000000000      ,   0.0000000000000000      ,   0.0000000000000000      ,   7.0823914059764924E-004 ,   0.0000000000000000      ,   0.0000000000000000     
   1.3500000000000010      ,   179.48046045314427      ,   0.0000000000000000      , -0.25978697656087796      ,   0.0000000000000000      , -0.21368490249971195      ,   0.0000000000000000      ,   259.97968447044792      ,   0.0000000000000000      ,  -8.8303916492204843E-002 ,  0.99761352951588655      ,   0.0000000000000000      ,  -6.9045244056744351E-002 ,   0.0000000000000000      ,   0.0000000000000000      ,   0.0000000000000000      ,   0.0000000000000000      ,   0.0000000000000000      ,   7.1311896766592991E-004 ,   0.0000000000000000      ,   0.0000000000000000     
